"datetime","do.flux.cole.obs","do.flux.vachon.obs","do.flux.read.obs","do.flux.cole.mod","do.flux.vachon.mod","do.flux.read.mod","co2.flux.cole.obs","co2.flux.vachon.obs","co2.flux.read.obs","co2.flux.cole.mod","co2.flux.vachon.mod","co2.flux.read.mod","ch4.flux.cole.obs","ch4.flux.vachon.obs","ch4.flux.read.obs","ch4.flux.cole.mod","ch4.flux.vachon.mod","ch4.flux.read.mod","mod.co2.flux.mmolC","mod.ch4.flux.mmolC","obs.co2.flux.mmolC","obs.ch4.flux.mmolC","mod.netGHG","obs.netGHG"
"2016-04-16 11:30:00",-8.42008263510826,-21.1791777044132,NA,15.4682252843505,38.907491323563,NA,19.0084383528314,47.8122497372407,NA,-21.268809765982,-53.4978005698991,NA,0.212928270130708,0.535582115618226,NA,0.062713721090607,0.157744894087479,NA,NA,NA,NA,NA,NA,NA
"2016-04-17 11:30:00",-7.35767595825636,-18.7517373259988,NA,14.5998773451563,37.2091767184935,NA,15.264008782365,38.9017788840592,NA,-20.0748313495899,-51.1626179879285,NA,0.176168149634903,0.448981293264758,NA,0.0589593245199515,0.15026344902779,NA,NA,NA,NA,NA,NA,NA
"2016-04-18 11:30:00",-7.7863568600116,-19.8123573104865,-8.53117911218058,20.4731758006323,52.093922939197,22.431585514319,15.1471787817768,38.5419424855304,16.5961177422026,-28.1506167258694,-71.6291440413959,-30.8434300821887,0.19990702315777,0.508662708746122,0.219029598951522,0.0516705594685736,0.131475554618055,0.0566132281859379,-8.41184456786964,0.0424599211394534,4.52621392969162,0.164272199213642,-7.35034653938331,8.63301891003266
"2016-04-19 11:30:00",-12.3418724940209,-28.90035160241,-15.5841186354162,30.3264681382843,71.0139885564611,38.2933203603546,22.7208005381956,53.2041733991493,28.6896215505714,-41.698893690141,-97.644234265134,-52.6533154954876,0.367673421673861,0.860962642936356,0.46426230908079,0.079731582116455,0.186703497228504,0.100677302839923,-14.359995135133,0.0755079771299423,7.82444224106493,0.348196731810593,-12.4722957068844,16.5293605363297
"2016-04-20 11:30:00",-14.1895406463029,-31.9080259572592,NA,23.2453431689301,52.2718128590634,NA,25.075164547787,56.3865329553005,NA,-31.9623468572788,-71.8737426812122,NA,0.511849403961618,1.15099596772855,NA,0.118489781510746,0.266448021000591,NA,NA,NA,NA,NA,NA,NA
"2016-04-21 11:30:00",-7.7877613397007,-19.829019142495,-9.16483467506553,12.3742312780645,31.5069836097252,14.5623085951995,13.5247829816557,34.436491944635,15.9163069637389,-17.0145680073386,-43.3221024633721,-20.0231743183993,0.347871112751991,0.885741441345374,0.409383531099016,0.0607259192644085,0.154618941569394,0.0714637989369959,-5.46086572319981,0.0535978492027469,4.34081099011061,0.307037648324262,-4.12091949313113,12.0167521982172
"2016-04-22 11:30:00",-10.5284285605443,-25.7714942657542,-14.4523507358751,26.6574216555271,65.2520540348985,36.5925840940378,18.375057527404,44.9784777450123,25.2234010660555,-36.6539547763497,-89.7215742979855,-50.314803129302,0.584403463977442,1.4305031785297,0.802209350055718,0.0503156194561242,0.123162605970547,0.0690681401969004,-13.7222190352642,0.0518011051476753,6.8791093816515,0.601657012541788,-12.4271914065723,21.9205346951962
"2016-04-23 11:30:00",-8.88530271799848,-22.3758692278537,-13.4514540758402,15.6144291520594,39.3218369551252,23.6386742608023,15.6638772055039,39.446362051519,23.7135336371408,-21.4698400840816,-54.0675258132972,-32.5031771086031,0.597013580641184,1.50346006564524,0.903818476142682,0.0550462620141918,0.138623072213029,0.083334500695252,-8.86450284780084,0.062500875521439,6.46732735558385,0.677863857107011,-7.30198095976487,23.4139237832591
"2016-04-24 11:30:00",-13.1549674602323,-30.4869395781032,-18.3024562305687,23.7016537898212,54.9291276603919,32.976020837123,23.8508111057256,55.2748031697655,33.1835428438526,-32.5897739610042,-75.5275505330388,-45.3420286510442,1.05924051045484,2.45481423945276,1.47371729643964,0.0691696010480992,0.160302140934195,0.0962354030517974,-12.3660078139211,0.072176552288848,9.05005713923253,1.10528797232973,-10.5615940066999,36.6822564474758
"2016-04-25 11:30:00",-17.5335963097032,-37.2288389920614,-18.9117644433935,26.1569377011288,55.5386587554661,28.2129139753555,32.9913266592819,70.0500209220171,35.5844966106642,-35.9657893390521,-76.3656557887659,-38.7927567161138,1.65668801936833,3.51762242290297,1.78690629264387,0.126986847173782,0.269629390573227,0.136968212267483,-10.5798427407583,0.102726159200612,9.70486271199933,1.3401797194829,-8.011688760743,43.2093556990719
"2016-04-26 11:30:00",-13.4250947080514,-30.9873217197813,-16.2057994593159,16.3921267208317,37.8357185119304,19.7873850521277,26.4624414137515,61.0796574185065,31.9435376867744,-22.5391742411436,-52.0241129539043,-27.2076544466755,1.46274326636823,3.3762515031803,1.76571745307777,0.137988329130553,0.318499708294734,0.166569490811467,-7.42026939454786,0.1249271181086,8.71187391457484,1.32428808980833,-4.29709144183286,41.819076159783
"2016-04-27 11:30:00",-22.7667549196225,-44.2858661351065,-30.8730312318585,26.4930979077673,51.5343443362855,35.926166993181,47.2179822137458,91.8483660438357,64.0303040436333,-36.42800962318,-70.8597234623926,-49.3984796156238,2.80329576206778,5.45296777227764,3.80143054730481,0.192283406754357,0.374029467158988,0.260747376736545,-13.4723126224429,0.195560532552409,17.4628101937182,2.85107291047861,-8.58329930863263,88.7396329556834
"2016-04-28 11:30:00",-20.1753954013045,-40.9075323761611,NA,10.9658062965597,22.2342148535151,NA,43.9988716087093,89.2118954323668,NA,-15.0779836577695,-30.5720454235833,NA,2.74334454138797,5.56239188445036,NA,0.251241196567802,0.509415413100568,NA,NA,NA,NA,NA,NA,NA
"2016-04-29 11:30:00",-9.37166735427137,-23.4408204331143,NA,1.20782659428843,3.02106820918597,NA,21.4926044171718,53.7582333791717,NA,-1.66076156714659,-4.1539687876307,NA,1.38057608610695,3.45315672284667,NA,0.102736957810085,0.256970130162915,NA,NA,NA,NA,NA,NA,NA
"2016-04-30 11:30:00",-15.2289878138489,-33.8400349474577,NA,2.70431962942654,6.0092155754218,NA,36.772443291465,81.7113245671499,NA,-3.71843949046149,-8.26267141620498,NA,2.39286615272926,5.31714091722564,NA,0.115071199821102,0.255697454813829,NA,NA,NA,NA,NA,NA,NA
"2016-05-01 11:30:00",-17.6313000288702,-37.3026889328246,NA,-7.11333713610219,-15.0497468722011,NA,44.5225223427839,94.1966728907184,NA,9.7808385621405,20.6934019492766,NA,2.88325873821879,6.10013462697089,NA,0.191865590516811,0.405931634550031,NA,NA,NA,NA,NA,NA,NA
"2016-05-02 11:30:00",-11.2044103476468,-27.0052428700179,NA,-6.71588217097751,-16.1868428133536,NA,29.5156298588189,71.1395538067171,NA,9.23433798509408,22.2569088683612,NA,1.8710707293614,4.50971696908608,NA,0.11361106887919,0.273829180885831,NA,NA,NA,NA,NA,NA,NA
"2016-05-03 11:30:00",-11.7553526121706,-28.0181296322154,NA,-5.07073804447852,-12.0857791806359,NA,32.2106077211134,76.771919349168,NA,6.97226481115797,16.6179463733744,NA,1.96382162780977,4.68064300219767,NA,0.0834068670021554,0.198794922532897,NA,NA,NA,NA,NA,NA,NA
"2016-05-04 11:30:00",-20.9786434001555,-41.7493630645823,NA,-14.4329952415777,-28.7229420395005,NA,59.3309935798721,118.073945235664,NA,19.8453684571694,39.4940453043132,NA,3.41552079087194,6.79718963866295,NA,0.210649001224656,0.419210216007324,NA,NA,NA,NA,NA,NA,NA
"2016-05-05 11:30:00",-11.0864496752256,-26.7728257962691,NA,-8.92438288096295,-21.5516197890795,NA,32.2211784945781,77.8113845330991,NA,12.2710264613241,29.6334772099844,NA,1.7232391502319,4.16147485678551,NA,0.136533108556879,0.329715755530367,NA,NA,NA,NA,NA,NA,NA
"2016-05-06 11:30:00",-10.8837119904513,-26.5416161769742,NA,-5.46997896025984,-13.3393902913561,NA,31.7063917375935,77.3209434974309,NA,7.52122107035728,18.3416616506146,NA,1.55137594013648,3.78327033877968,NA,0.0822489598388349,0.20057681836059,NA,NA,NA,NA,NA,NA,NA
"2016-05-07 11:30:00",-15.7515249763627,-34.5509208555546,NA,-8.98782634791192,-19.7147690319622,NA,47.7466015807009,104.73202149075,NA,12.3582612283789,27.107807418948,NA,2.10311247531177,4.61317064816705,NA,0.125063403347973,0.274326184765378,NA,NA,NA,NA,NA,NA,NA
"2016-05-08 11:30:00",-8.37638678007932,-21.2371356917704,-12.7101369758433,-6.18069000307713,-15.6702592311377,-9.37843710024952,25.7108099430193,65.1860968029521,39.012992679948,8.49844875423106,21.5466064428143,12.8953510128431,1.00303317373854,2.54304775714175,1.52197950790078,0.0905354215886902,0.229539667122731,0.137376369999365,3.51691391259357,0.103032277499524,10.6399070945313,1.14148463092559,6.09272085008167,39.1770228676709
"2016-05-09 11:30:00",-15.4041582359095,-34.1374508182483,-24.1717127615848,-2.40577358066933,-5.33148102169512,-3.77506301031026,47.8493031727409,106.039759442295,75.0835971963248,3.30793867342032,7.3307864048308,5.19071163917661,1.62739612566835,3.60650379923411,2.55365798614497,0.0918616781565902,0.203576428658206,0.14414640931317,1.41564862886635,0.108109806984877,20.4773446899068,1.91524348960873,4.11839380348828,68.358431930125
"2016-05-10 11:30:00",-18.7047998142696,-38.7886955269945,-26.7974647845468,-22.4211049399166,-46.4953071686844,-32.1216359449984,57.8650903516097,119.996545997691,82.9005248037414,30.8290192923854,63.9310473569411,44.1672494243729,1.68251731723076,3.48908582743406,2.41046143265778,0.268933410578659,0.557695152236469,0.385287929885876,12.0456134793744,0.288965947414407,22.609234037384,1.80784607449334,19.2697621647346,67.8053858997174
"2016-05-11 11:30:00",-9.64160936359658,-23.9830555462137,NA,-12.6558505091881,-31.4808404178296,NA,29.7072440298538,73.8953899525274,NA,17.4017944501337,43.2861555745157,NA,0.727296763997028,1.80911692558093,NA,0.127692119849084,0.317628218243016,NA,NA,NA,NA,NA,NA,NA
"2016-05-12 11:30:00",-12.2553409609814,-29.3905635349726,NA,-12.8172760800342,-30.7381873890649,NA,35.4357553663027,84.9814642300795,NA,17.623754610047,42.2650076599643,NA,0.721507322183551,1.73030737056585,NA,0.119706651573953,0.287078585560736,NA,NA,NA,NA,NA,NA,NA
"2016-05-13 11:30:00",-13.6891398597676,-31.4825190048262,-21.2766030626522,-12.5748325452353,-28.9198159010261,-19.5446699635688,41.3869724275392,95.1824701442081,64.3264802117839,17.2903947496985,39.7647468639108,26.8739211999071,0.698228068851067,1.60579690707316,1.08523410676867,0.119212961392559,0.274168016479492,0.185288987142821,7.3292512363383,0.138966740357116,17.5435855123047,0.813925580076502,10.8034197452662,37.8917250142173
"2016-05-14 11:30:00",-23.5770315316005,-45.3936653567473,-31.1349908828472,-29.7649543923482,-57.3074849237978,-39.306542148532,69.7387392251721,134.270380329514,92.0945033748952,40.9268122894787,78.797791770222,54.0464954542315,0.98948087670188,1.90508138116135,1.30667332032759,0.256170998117679,0.493214786054471,0.338290326335343,14.7399533056995,0.253717744751507,25.1166827386078,0.980004990245692,21.0828969244872,49.6168074947501
"2016-05-15 11:30:00",-12.1295006265499,-28.8328537164322,NA,-20.9111022823373,-49.7074670853516,NA,34.8529713490068,82.8484745933642,NA,28.7527656382137,68.3477672423584,NA,0.429454895950892,1.02085078141256,NA,0.2100037322871,0.499196717108462,NA,NA,NA,NA,NA,NA,NA
"2016-05-16 11:30:00",-14.3093525978313,-32.576369479489,NA,-24.6517195671133,-56.1215833793027,NA,40.0274742972855,91.12570139873,NA,33.8961144047808,77.1671771465411,NA,0.447618122087601,1.01903794956109,NA,0.189959134160898,0.432456947169439,NA,NA,NA,NA,NA,NA,NA
"2016-05-17 11:30:00",-10.1511023886784,-25.1651227655561,NA,-18.865417364611,-46.7683731112182,NA,27.7053844469084,68.6831217120792,NA,25.9399488763402,64.3065130279251,NA,0.295317520291855,0.732107840942748,NA,0.127880450963701,0.317022439986952,NA,NA,NA,NA,NA,NA,NA
"2016-05-18 11:30:00",-8.19811953603715,-20.8840268674828,NA,-13.8068112097487,-35.1717018751882,NA,22.0301120408797,56.1198759950971,NA,18.9843654134045,48.3610900783837,NA,0.234511275642129,0.597397947140115,NA,0.0756887981131116,0.1928109106501,NA,NA,NA,NA,NA,NA,NA
"2016-05-19 11:30:00",-6.55192145729819,-16.3331452583611,-9.53365448149017,-6.50807336207048,-16.2238372769812,-9.46985142885943,17.578473144465,43.8210007796923,25.5783117004262,8.94860087284691,22.3077762558492,13.0210457146817,0.193394077038164,0.482107969846386,0.281406350986517,0.0299529506403812,0.0746690718004437,0.0435843262114258,3.55119428582228,0.0326882446585694,6.97590319102533,0.211054763239888,4.36840040228652,12.2522722720225
"2016-05-20 11:30:00",-9.76082800545382,-24.5429772946758,-15.2742320458457,-3.61272087803842,-9.08395542183058,-5.6533663924001,26.5417769383376,66.7375993505872,41.5339005705998,4.96749120730283,12.4904387050171,7.77337878955014,0.306587173607096,0.770893825449383,0.479762949345919,0.0383674834798464,0.0964725815651677,0.060039357865837,2.12001239715004,0.0450295183993778,11.3274274283454,0.359822212009439,3.24575035713448,20.3229827285814
"2016-05-21 11:30:00",-8.63655235942459,-21.9874395594904,-12.7120451022863,-8.89560613561807,-22.6469537973096,-13.0933434664762,24.097337618389,61.3484099185456,35.4686025049918,12.2314584364748,31.1395614713008,18.0033472664047,0.291251348654734,0.74148469883099,0.428689612025619,0.0573747407746054,0.146067966999174,0.0844492410982569,4.91000379992855,0.0633369308236927,9.67325522863413,0.321517209019214,6.49342707052087,17.7111854541145
"2016-05-22 11:30:00",-8.28347036927209,-21.1248916502559,-11.0972193851487,-5.84195291476263,-14.8984202090049,-7.82636144547789,24.3373429262737,62.0662245958913,32.6043097475567,8.03268525779861,20.4853277873818,10.7612469875321,0.30344246924308,0.773853107343155,0.406516532545718,0.0425088046589041,0.108407932010283,0.0569482970386652,2.93488554205421,0.0427112227789989,8.89208447660637,0.304887399409288,4.00266611152918,16.5142694618386
"2016-05-23 11:30:00",-15.5603827891134,-35.630590309133,-21.167768252951,14.3855599576694,32.9404488415153,19.5695827988193,49.6075467909038,113.592718116451,67.4842687547475,-19.7801449417954,-45.2931171570836,-26.9081763483765,0.627485786483134,1.4368341245838,0.853608416342338,0.0924538816977457,0.211703428245104,0.125770835357138,-7.33859354955723,0.0943281265178535,18.4048005694766,0.640206312256754,-4.98039038661089,34.4099583758954
"2016-05-24 11:30:00",-13.2422774802998,-31.5004942982007,-18.3303354695381,-13.372435562115,-31.8101120297565,-18.5105039720705,45.2802829742631,107.711932314788,62.6782498938443,18.3870988979081,43.7389040409152,25.4519429615969,0.568734220866793,1.35289485575713,0.787258013359397,0.129897596036176,0.308998092614723,0.179807930740909,6.94143898952643,0.134855948055682,17.0940681528666,0.590443510019548,10.3128376909185,31.8551559033553
"2016-05-25 11:30:00",-12.4750416926402,-30.2795142410013,-16.6296033921489,7.0290061313274,17.0608561075333,9.36987523447864,47.2372554258576,114.654618686918,62.9686731651635,-9.66488343057517,-23.4586771478583,-12.8835784474081,0.585468981405763,1.42105467836625,0.780447648918658,0.0414804693287157,0.100681704535165,0.0552947052564722,-3.51370321292948,0.0414710289423541,17.17327449959,0.585335736688994,-2.47692748937063,31.8066679168149
"2016-05-26 11:30:00",-12.3994534468078,-30.1606015654959,-16.2805662781514,3.14205109264223,7.64276840992619,4.12553434573113,51.6328199976,125.592383432956,67.7942420369504,-4.32032025238307,-10.5088065636485,-5.6726097253803,0.624741272910132,1.51962928806464,0.820289518722987,0.0810996222887163,0.197267839704007,0.106484352836085,-1.54707537964917,0.0798632646270638,18.4893387373501,0.61521713904224,0.449506236027421,33.8697672134061
"2016-05-27 11:30:00",-10.4787481997962,-26.3724170699554,-14.9177192077112,13.7260852949325,34.5451612381316,19.5406819924233,48.4529017359931,121.943967778139,68.978352100342,-18.8733672805321,-47.4995967024309,-26.8684377395821,0.570047104326601,1.43466754789603,0.811528483686483,0.0359163764352035,0.0903926347814263,0.0511311473854522,-7.32775574715875,0.0383483605390891,18.8122778455478,0.608646362764862,-6.36904673368152,34.0284369146694
"2016-05-28 11:30:00",-21.6865822039781,-45.2486297769065,-26.9598712860454,22.9911084582625,47.970498301839,28.5816049264124,110.132042041782,229.788352542207,136.911646565088,-31.612774130111,-65.9594351650287,-39.299706773817,1.2528405936008,2.61402740441614,1.55748014268539,0.146335672760318,0.305326520223714,0.181918518329335,-10.7181018474046,0.136438888747001,37.3395399722967,1.16811010701404,-7.30712962872961,66.5422926476478
"2016-05-29 11:30:00",-18.9957864972757,-41.3606157519439,-25.094246900945,-3.24190260959299,-7.05878054377114,-4.28269208677472,104.883932791042,228.369804185005,138.556163798641,4.45761608819036,9.70582324768532,5.88870161931524,1.14963241674925,2.50316061680121,1.51871362185364,0.249236223869769,0.542676329217611,0.329251717971467,1.60600953254052,0.2469387884786,37.7880446723566,1.13903521639023,7.77947924450553,66.2639250821124
"2016-05-30 11:30:00",-10.9741227248388,-27.5223281023935,-16.2820647148893,4.48141860311263,11.2390827268471,6.64898229589103,66.1433182749818,165.8827910886,98.1353877311037,-6.16195057927987,-15.4537387494147,-9.14235065685016,0.698592385737814,1.75202057897456,1.036486170158,0.075110601850839,0.188372107724666,0.111439949303793,-2.49336836095913,0.0835799619778448,26.7641966539374,0.7773646276185,-0.403869311513016,46.1983123443999
"2016-05-31 11:30:00",-13.3886823537431,-32.5115804306311,-17.3456676892464,26.6597904616761,64.7376566982508,34.5390124132632,87.7430411399698,213.065398362578,113.675236550241,-36.6572118848046,-89.0142779600949,-47.491142068237,0.892374651551076,2.16694290682369,1.15611333147989,0.0415302659703381,0.10084745807885,0.0538044128267861,-12.9521296549737,0.0403533096200896,31.0023372409748,0.867084998609917,-11.9432969144715,52.6794622062228
"2016-06-01 11:30:00",-12.4490717174768,-30.1757164442748,-15.0876804030239,5.2281372141816,12.6726546113014,6.33625262837789,31.9293722550836,77.3946608453129,38.6968743522924,-7.1886886694997,-17.4249000905394,-8.7123473640196,0.368116778961213,0.892290428748912,0.446139956295717,0.132664900296947,0.32157083711299,0.160783523607578,-2.37609473564171,0.120587642705684,10.5536930051707,0.334604967221788,0.638596332000378,18.9188171857153
"2016-06-02 11:30:00",-14.4209256942773,-34.677266754904,-24.8040483989074,11.2951619011188,27.1609014974926,19.4277224921855,107.564381415074,258.654598652912,185.011155260081,-15.5308476140384,-37.3462395590524,-26.7131184267551,1.0092553939066,2.4269051280261,1.73592321103575,0.107755254815633,0.259113582213879,0.185339458252961,-7.28539593456957,0.139004593689721,50.4575877982039,1.30194240827681,-3.81028109232655,83.0061480051242
"2016-06-03 11:30:00",-11.3096867777382,-28.5472843567227,-19.1311481232755,9.61751979843574,24.2760102810967,16.2687260450555,89.2268691306926,225.221516333044,150.933662749658,-13.2240897228491,-33.379514136508,-22.3694983119514,0.803337431097388,2.02773980664765,1.35890300848538,0.0688271779659382,0.17372974685134,0.116426118817479,-6.10077226689584,0.0873195891131092,41.1637262044522,1.01917725636403,-3.91778253906811,66.643157613553
"2016-06-04 11:30:00",-16.0136241953831,-37.9615768958862,-26.8039387398893,25.3085417566508,59.9959223655842,42.3619659462708,133.311838762073,316.026375825496,223.140140912686,-34.7992449153949,-82.4943932526783,-58.2477031761224,1.15220538733242,2.73139502197663,1.92858544955318,0.0766307908116948,0.181659418411319,0.128266218655121,-15.8857372298516,0.0961996639913408,60.8564020670962,1.44643908716488,-13.480745630068,97.0173792462183
"2016-06-05 11:30:00",-21.3902367430209,-46.9892267679942,-33.2524866488665,48.8234890023579,107.253511211604,75.8992261612857,186.139722009431,408.904385356385,289.366064307906,-67.1322973782421,-147.473577915956,-104.361435971768,1.5470881132105,3.39858202857132,2.4050470991602,0.0634198326629328,0.139318182140229,0.0985901729014566,-28.4622098104822,0.0739426296760924,78.9180175385198,1.80378532437015,-26.6136440685799,124.012650647774
"2016-06-06 11:30:00",-20.2407819891747,-43.5998617623772,-30.77602393637,17.28159224646,37.2255890796317,26.2765883709479,39.2503491160608,84.5476126614353,59.6799908498012,-23.7621893388825,-51.1851849844935,-36.1303090100533,1.50194369004255,3.23527704096377,2.28369906758301,0.245500501108348,0.528822844722254,0.373282480021881,-9.85372063910545,0.279961860016411,16.2763611408549,1.71277430068726,-2.85467413869518,59.0957186580363
"2016-06-07 11:30:00",-21.007237362623,-46.7725565172499,-34.5530870079507,12.4474996897982,27.7143240060407,20.4738744266436,192.399061480517,428.375984029901,316.461484050861,-17.1153120734725,-38.107195508306,-28.1515773366349,1.49602959778962,3.33090580670988,2.46069675734077,0.160424493705133,0.357184696352555,0.263869132028876,-7.67770290999134,0.197901849021657,86.3076774684166,1.84552256800558,-2.73015668444991,132.445741668556
"2016-06-08 11:30:00",-12.3053934026753,-31.0726160764815,-22.8543088859374,8.94989013813425,22.5995619228617,16.6222685467054,113.872358114392,287.541564062702,211.490519705822,-12.3060989399346,-31.0743976439348,-22.8556192517199,0.864562712516187,2.18312607821352,1.60571731731983,0.0691688285915288,0.174659710986345,0.128464464497785,-6.23335070501452,0.0963483483733387,57.6792326470424,1.20428798798987,-3.82464199568105,87.7864323467892
"2016-06-09 11:30:00",-16.2445287229517,-39.0999687744635,-29.0831813424457,24.6625600028029,59.361852993954,44.1542944805193,150.500153366421,362.248200458089,269.445997915424,-33.911020003854,-81.6225478666867,-60.712154910714,1.12544695518176,2.7089084303657,2.01492936157688,0.0839079007088221,0.201963156555617,0.150223421928561,-16.5578604301947,0.112667566446421,73.485272158752,1.51119702118266,-13.7411712690342,111.265197688318
"2016-06-10 11:30:00",-18.6554125860504,-43.3128232506141,-25.5020648362248,7.37065709869612,17.1126726189601,10.0757340181841,169.243568970861,392.937800508327,231.357009613194,-10.1346535107072,-23.5299248510702,-13.8541342750032,1.25785846688291,2.92040721153101,1.71950033424769,0.143520935815078,0.333216802204066,0.19619401037791,-3.77840025681905,0.147145507783432,63.0973662581438,1.28962525068577,-0.0997625622332423,95.337997525288
"2016-06-11 11:30:00",-19.0845480324693,-44.1796443160027,-24.8284033748848,10.5154598100257,24.3426919744583,13.6802861347052,167.787194472666,388.417821578518,218.285921071852,-14.4587572387853,-33.4712014648801,-18.8103934352197,1.25689421837026,2.90963869911744,1.63518028303129,0.151298597471975,0.350247656399806,0.196834769243548,-5.13010730051446,0.147626076932661,59.5325239286869,1.22638521227347,-1.43945537719794,90.1921542355236
"2016-06-12 11:30:00",-17.7886554518812,-42.2200930724533,-29.7592857187473,36.1593917587916,85.8217131490977,60.492355573293,149.17753170143,354.062131890197,249.564493546412,-49.7191636683385,-118.004855580009,-83.1769889132778,1.14576707985743,2.71939567786827,1.91679522878195,0.0646989211516826,0.153558231542591,0.108237167528252,-22.6846333399849,0.081177875646189,68.063043694476,1.43759642158646,-20.6551864488301,104.002954234138
"2016-06-13 11:30:00",-12.0567681360106,-30.125502722276,-21.8890789126472,27.9092641516173,69.735156527151,50.6693069417197,34.0822374279324,85.159184022939,61.8763483019455,-38.3752382084737,-95.8858402248326,-69.6702970448645,2.19112507045552,5.47482903629066,3.97799053889331,0.0563739688847582,0.140858158168514,0.10234701701296,-19.0009901031449,0.07676026275972,16.8753677187124,2.98349290416998,-17.0819835341519,91.462690322962
"2016-06-14 11:30:00",-13.7042418544079,-34.3244096526053,-19.1667697243479,40.7220135234726,101.994629758306,56.9538588276691,95.4283942383627,239.015286735788,133.466271024886,-55.9927685947748,-140.24261591767,-78.311555888045,0.81106276017083,2.03143309420813,1.1343533864435,0.0575996867368326,0.144267392856969,0.0805589936027254,-21.3576970603759,0.0604192452020441,36.3998920976962,0.850765039832625,-19.8472159303248,57.6690180935118
"2016-06-15 11:30:00",-16.1696738593881,-39.2781696224343,-20.614948669486,50.2986539059981,122.181750669811,64.1264738814979,99.0780472003161,240.673026409503,126.316020661206,-69.1606491207474,-167.99990717099,-88.1739015870596,0.915494016262828,2.22385000290017,1.1671764264758,0.0646983975799548,0.157160537469327,0.0824849132213255,-24.0474277055617,0.0618636849159941,34.4498238166925,0.87538231985685,-22.5008355826619,56.3343818131138
"2016-06-16 11:30:00",-22.5177094762527,-50.1778799312456,-36.0273094479279,92.043750133599,205.107906179181,147.265807488461,118.262614407264,263.533343493089,189.21479601932,-126.560156433699,-282.023370996375,-202.490485296634,1.22258575389885,2.72437839334789,1.9560815156974,0.0888267760753311,0.197939284601222,0.142118795533031,-55.2246778081729,0.106589096649773,51.6040352779964,1.46706113677305,-52.5599503919286,88.2805636973226
"2016-06-17 11:30:00",-10.7408259985133,-27.3886830455556,-18.934208299453,24.5777496174156,62.672293018954,43.3262982616386,45.8498088245959,116.915205755125,80.8252392223058,-33.7944057239465,-86.1744029010618,-59.5736601097531,0.54780119267181,1.39687145477846,0.965678234632282,0.0653570248636657,0.166657837957641,0.115213068601285,-16.2473618481145,0.0864098014509637,22.0432470606289,0.724258675974211,-14.0871168118404,40.1497139599841
"2016-06-18 11:30:00",-10.6601463007738,-27.1754790668597,-18.9120064408757,51.201697616931,130.526413289055,90.8361675153446,35.8927919493746,91.50004031376,63.6768664683629,-70.4023342232801,-179.47381827245,-124.899730333599,0.520710591884435,1.32742641520975,0.923784889034387,0.0532603569490764,0.135774470117548,0.094488404309344,-34.0635628182543,0.070866303232008,17.3664181277353,0.69283866677579,-32.2919052374541,34.6873847971301
"2016-06-19 11:30:00",-13.7066982967427,-34.1590377568236,-24.689061272638,52.390520019855,130.564612477327,94.3679309832739,33.8376730510066,84.3282843416106,60.9497900364764,-72.0369650273006,-179.526342156325,-129.755905102002,0.631214268825022,1.5730755558079,1.13696875949242,0.0641417913721868,0.159850448725023,0.115534797880612,-35.3879741187278,0.086651098410459,16.6226700099481,0.852726569619315,-33.2216966584663,37.940834250431
"2016-06-20 11:30:00",-22.6589680244851,-49.4131410026726,-34.1283484720835,59.5553447972896,129.87425758981,89.7007118073802,38.2586872329557,83.4319508627378,57.6242399283068,-81.8885990962732,-178.577104185989,-123.338478735148,0.992611933413253,2.16462079710265,1.49504628474119,0.243526257188329,0.531065548585302,0.366792916537264,-33.6377669277676,0.275094687402948,15.7157017986291,1.12128471355589,-26.7603997426939,43.7478196375264
"2016-06-21 11:30:00",-20.3955627413537,-47.1029709139174,-34.826309965839,38.0207154894793,87.8077589002288,64.9220244398953,54.9718983184765,126.956032565256,93.8669059799023,-52.2784837980341,-120.735668487815,-89.267783604856,0.898525132122926,2.07511818627079,1.5342707215409,0.119658841341058,0.276348684013158,0.204322673100229,-24.3457591649607,0.153242004825172,25.6000652672461,1.15070304115567,-20.5147090443314,54.367641296138
"2016-06-22 11:30:00",-14.5498584689446,-35.4854250969924,-26.2020943575575,23.623591658326,57.6152128285458,42.5425153802725,9.19269590663544,22.4199240652821,16.5546548827334,-32.4824385301983,-79.2209176392504,-58.4959586478748,0.595417833800787,1.45215535861387,1.07225745849831,0.0912540520541832,0.222558098133902,0.164334745079249,-15.9534432676022,0.123251058809437,4.51490587710911,0.804193093873733,-12.8721667973663,24.6197332239524
"2016-06-23 11:30:00",-13.9972651033718,-34.3205286088074,-24.7043394035454,19.9159925171787,48.8329245685265,35.1505408427487,5.058063312758,12.4020946483933,8.92718055135598,-27.3844897111207,-67.145271281724,-48.3319936587794,0.562720169373834,1.37975908358664,0.993167590294689,0.0896191778197715,0.219741323290386,0.158172512242623,-13.1814528160307,0.118629384181967,2.43468560491527,0.744875692721017,-10.2157182114816,21.0565779229407
"2016-06-24 11:30:00",-11.373132081298,-28.8050099796772,-21.1533757462476,25.1331786910068,63.6554168051863,46.7462761135693,2.68424254886092,6.7984468003284,4.99253774810992,-34.5581207001344,-87.5261981071312,-64.2761296561578,0.455671579472812,1.15409056189133,0.847523098173181,0.0514424284801341,0.130289497664919,0.0956799772623013,-17.5298535425885,0.071759982946726,1.36160120402998,0.635642323629886,-15.7358539689203,17.2526592947771
"2016-06-25 11:30:00",-19.8256748121383,-44.3254462469864,-31.6598082790815,50.3112832845174,112.483943370211,80.3425657969107,4.65553630850461,10.408660807206,7.43447011817811,-69.1780145162114,-154.66542213404,-110.471027970752,0.792424310184213,1.77167039703337,1.26542990207604,0.141284632265348,0.315878497571678,0.225618770240436,-30.1284621738415,0.169214077680327,2.02758275950312,0.94907242655703,-25.8981102318333,25.7543934234289
"2016-06-26 11:30:00",-20.2431682029922,-44.8513295571397,-30.1481187333241,-1.33245594955353,-2.95222666306567,-1.98442456097984,6.72054574944663,14.8902290980179,10.0088982700398,1.8321269306361,4.0593116617153,2.72858377134728,0.802940215579272,1.77901679532078,1.19581760682434,0.351024719424803,0.777740184527893,0.522780565444616,0.74415921036744,0.392085424083462,2.72969952819267,0.896863205118255,10.546294812454,25.151279656149
"2016-06-27 11:30:00",-22.6742004531286,-50.7381372933324,-36.801433132028,10.1974609319756,22.8188938295543,16.5510213857524,61.2560712828564,137.07292397033,99.4218612429939,-14.0215087814665,-31.3759790156371,-22.7576544054096,0.773519184049491,1.73090657112517,1.25546277086963,0.154952986071668,0.3467388363955,0.251496936675345,-6.20663301965716,0.188622702506509,27.1150530662711,0.941597078152222,-1.49106545699444,50.6549800200766
"2016-06-28 11:30:00",-14.7401617949023,-35.7175093852643,-26.969710361306,-5.72188091933973,-13.8649316256869,-10.4691843457136,10.194419587008,24.702529208479,18.6524779977867,7.86758626409213,19.0642809853194,14.3951284753562,0.57991327897072,1.40521238996437,1.06105301869377,0.152462832918477,0.369439137876559,0.278957483770468,3.9259441296426,0.209218112827851,5.08703945394183,0.795789764020327,9.15639695033887,24.98178355445
"2016-06-29 11:30:00",-9.40895897724982,-23.9338801934154,-16.9412542495997,-4.88530326856552,-12.4269075272899,-8.79620848164866,8.38408440246953,21.3268728352817,15.0959214357056,6.71729199427759,17.0869978500237,12.0947866622669,0.366178887210788,0.931461348386374,0.659321572564315,0.076624650517184,0.194912658220204,0.137966133058619,3.29857818061825,0.103474599793964,4.11706948246516,0.494491179423236,5.88544317546735,16.4793489680461
"2016-06-30 11:30:00",-15.8024901021423,-37.9197604527435,-28.5995495534534,5.77655279494101,13.8614545436161,10.4544794421139,16.8499844016753,40.4333347475012,30.4953181907261,-7.94276009304388,-19.0594999974721,-14.3749092329066,0.608363600295989,1.45983334539568,1.10102425761518,0.104852973686594,0.251605893707503,0.1897642585057,-3.92042979079271,0.142323193879275,8.31690496110712,0.825768193211385,-0.362349943810834,28.9611097913917
"2016-07-01 11:30:00",-17.0528895860763,-40.2257613290158,-30.3909575989766,-17.1129675891074,-40.3674782737515,-30.4980261420253,20.2393701338126,47.7422942512396,36.0697720149972,23.5303304350227,55.5052826264083,41.9347859452847,0.640481846858956,1.51082136416058,1.14144037305548,0.152270829765646,0.359188982289858,0.271370802444368,11.4367598032595,0.203528101833276,9.83721054954469,0.85608027979161,16.5249623490914,31.2392175443349
"2016-07-02 11:30:00",-10.5068112390014,-26.7956563349435,-19.2705012610298,-8.24641593946927,-21.0309410231699,-15.124719112744,13.2325531693348,33.7471511663952,24.2697738386841,11.3388219167703,28.9175439068587,20.796488780023,0.384482093489164,0.98054964629348,0.705177098825509,0.0703398058657074,0.179388514913804,0.129009961900156,5.671769667279,0.096757471425117,6.61902922873203,0.528882824119132,8.09070645290693,19.8410998317103
"2016-07-03 11:30:00",-11.8285231287261,-30.0147201543192,-22.1421875427542,-4.91670974569636,-12.4760856018196,-9.20374488832918,15.3210125603423,38.8768656471325,28.6798892612494,6.76047590033249,17.154617702502,12.6551492214526,0.42309754048379,1.0736043830156,0.792009703013455,0.0668127601264279,0.169536490406167,0.125068924401532,3.45140433312344,0.093801693301149,7.82178798034075,0.594007277260091,5.79644666565216,22.671969911843
"2016-07-04 11:30:00",-10.7268920008565,-27.3571604847059,-19.5943793176174,-6.01343360533438,-15.3362659186016,-10.9844957006019,13.9330495071909,35.5339339092011,25.450937426539,8.26847120733477,21.0873656380773,15.1036815883277,0.375298284725397,0.95713608415632,0.685542181982764,0.0781561648222544,0.199324347046733,0.14276470196728,4.11918588772574,0.10707352647546,6.94116475269245,0.514156636487073,6.79602404961224,19.7950806648693
"2016-07-05 11:30:00",-13.1701071267517,-33.0705627917622,-23.5353535256589,-4.03376303136552,-10.1289087728753,-7.20844850146149,16.8209725337507,42.2380033087181,30.0595531545127,5.54642416812758,13.9272495627035,9.91161668950955,0.452064529250811,1.13514857978264,0.807852085782731,0.0971845423669529,0.244033513152423,0.173671522928587,2.70316818804806,0.13025364219644,8.19805995123074,0.605889064337048,5.95950924295907,23.3452865596569
"2016-07-06 11:30:00",-11.3668357590744,-28.7810671437033,-17.0223338190009,14.280906353049,36.1595551595715,21.3862820165605,100.459932506493,254.366661400298,150.443143791767,-19.6362462354423,-49.7193883444109,-29.4061377727707,0.919106075312283,2.32719590802836,1.3764015563036,0.0805201358362931,0.203878676972559,0.120582425963396,-8.01985575621019,0.090436819472547,41.0299483068455,1.0323011672277,-5.75893526939651,66.837477487538
"2016-07-07 11:30:00",-9.98696875160374,-25.2926239103458,-16.5334501083088,19.5849411160194,49.6000901048379,32.4229157885244,11.8965966949711,30.1288762889788,19.6948436314463,-26.9292940345266,-68.2001238941522,-44.581509209221,0.341045166537489,0.863718246068287,0.564601070241856,0.0272973931255203,0.0691323578984638,0.0451908981146264,-12.1585934206966,0.0338931735859698,5.37132099039445,0.423450802681392,-11.3112640810474,15.9575910574292
"2016-07-08 11:30:00",-19.9738271950266,-46.1746001690342,-33.7191803928761,56.9712812200607,131.703659282129,96.177106666409,22.4867434333351,51.98384751203,37.9614057372912,-78.3355116775834,-181.092531512927,-132.243521666312,0.683996375142978,1.5812322210918,1.15470094620935,0.11762303967146,0.27191568117944,0.198567478045866,-36.0664149999033,0.1489256085344,10.3531106556249,0.866025709657013,-32.3432747865433,32.0037533970502
"2016-07-09 11:30:00",-14.9218046216831,-36.8148844955249,-27.3773591927112,-21.9093459408699,-54.0544565912323,-40.1975530914642,15.5925617440946,38.4697678432298,28.608011860864,30.1253506686961,74.3248778129445,55.2716355007633,0.507970490208387,1.25325826187151,0.931984496669007,0.366736607339341,0.904807842066197,0.672859622733281,15.0740824092991,0.504644717049961,7.80218505296291,0.698988372501755,27.6902003355481,25.2768943655068
"2016-07-10 11:30:00",-15.9104515000245,-38.7686886968106,-28.8925420692825,6.24533267462741,15.2178810431795,11.3411952538279,15.4859950834258,37.7344239758847,28.1217515688912,-8.58733242761269,-20.9245864343718,-15.5941434740134,0.553094767783004,1.34771529720455,1.00439097196242,0.173680209479768,0.423203199111453,0.315394114302053,-4.25294822018547,0.23654558572654,7.6695686096976,0.753293228971815,1.66069142297802,26.501899333993
"2016-07-11 11:30:00",-25.0550493719841,-53.7097127817862,-37.0474697288787,-13.8308581155247,-29.6487708278517,-20.4508995273531,22.6848360563422,48.6287618515104,33.5427707455108,19.0174299088464,40.7670598882961,28.1199868501105,0.89383962250037,1.91609558156195,1.32166957108784,0.221081180193155,0.473924697307126,0.326900107408653,7.66908732275741,0.24517508055649,9.14802838513931,0.99125217831588,13.7984643366697,33.9293328430363
"2016-07-12 11:30:00",-28.1180359692302,-57.6522326844421,-38.0602210334078,-12.2397645108035,-25.0959829609657,-16.5675918185688,282.11807265036,578.444980535752,381.871486840042,16.8296762023548,34.5069765713278,22.7804387505321,2.12679385860728,4.3607033770939,2.87880150803092,0.325780248745471,0.667968371803159,0.440972061104831,6.2128469319633,0.330729045828623,104.146769138193,2.15910113102319,14.4810730776789,158.124297413773
"2016-07-13 11:30:00",-20.6631720983618,-47.0716827211928,-33.9070502067944,-0.731252549760044,-1.66582787228961,-1.19994242900034,17.1945112119815,39.169909269669,28.2151816851088,1.00547225592006,2.29051332439821,1.64992083987546,0.801733331463362,1.82638642440772,1.31559724678207,0.205158479258452,0.467360712926642,0.336652999038682,0.449978410875125,0.252489749279012,7.69504955048422,0.986697935086553,6.76222214285041,32.362497927648
"2016-07-14 11:30:00",-25.785891154866,-54.8358056531444,-38.0791272958886,4.79538127109745,10.197770316928,7.08154442899606,21.8025229748963,46.364847560214,32.196717295766,-6.59364924775899,-14.021934185776,-9.73712358986958,1.05008236625777,2.23308600079307,1.55070150012449,0.240768428895998,0.512013747946904,0.355553026951783,-2.65557916087352,0.266664770213837,8.78092289884527,1.16302612509337,4.01104009447241,37.8565760261795
"2016-07-15 11:30:00",-15.4444830935225,-37.8359346532894,-28.6896034938859,-0.239244112482875,-0.58610084593137,-0.444418805331145,13.982925219915,34.2554063919708,25.9746200513677,0.328960654663953,0.805888663155633,0.611075857330324,0.659515613963624,1.61568305793396,1.22511328790141,0.178219496262493,0.43660258318117,0.331059748111314,0.166657051999179,0.248294811083486,7.08398728673665,0.918834965926058,6.37402732908632,30.0548614348881
"2016-07-16 11:30:00",-9.97144042083236,-25.3042446602194,-17.7760420629678,3.69888320877477,9.38655216641222,6.59398248700534,10.1966824717615,25.8758350948945,18.1775800557437,-5.08596441206531,-12.9065092288168,-9.06672591963234,0.446795717967021,1.13382096100737,0.796500720150991,0.0598792866170218,0.151953986053105,0.106746535373255,-2.472743432627,0.0800599015299412,4.95752183338464,0.597375540113243,-0.471245894378471,19.8919103362157
"2016-07-17 11:30:00",-23.8916111581587,-52.0987959487624,-37.1794778852651,41.4690531142796,90.4287166774629,64.5330167554957,28.9592747309624,63.1495019337507,45.0656386170699,-57.0199480321345,-124.339485431511,-88.7328980388066,1.13192160426365,2.46830371966729,1.76146572849286,0.201090992982949,0.438505320599739,0.312932354249472,-24.1998812833109,0.234699265687104,12.2906287137463,1.32109929636965,-18.3323996411333,45.3181111229875
"2016-07-18 11:30:00",-14.0847808676883,-35.1047305944871,-24.6631482339022,-4.25313281493933,-10.6004547073598,-7.44744600989581,20.7036903408883,51.601617274423,36.2531862343373,5.84805762054157,14.5756252226197,10.2402382636067,0.696543014690574,1.73605504465315,1.21968128464197,0.189558521362187,0.4724532732756,0.331926350524914,2.79279225371092,0.248944762893686,9.88723260936472,0.914760963481478,9.01641132605306,32.7562566964017
"2016-07-19 11:30:00",-9.60441923329048,-24.1364851909273,-16.0741119621692,26.3670241746331,66.2619230857774,44.1282797426441,12.2149050074329,30.6967934925808,20.4430633365293,-36.2546582401205,-91.110144242944,-60.6763846461356,0.401367243134762,1.00866010580491,0.671734734541049,0.0399023702409792,0.100277064652282,0.0667812546734992,-16.5481049034915,0.0500859410051244,5.57538090996254,0.503801050905787,-15.2959563783634,18.1704071826072
"2016-07-20 11:30:00",-17.6400459724097,-42.3365101272245,-31.1260304914378,96.1600893525104,230.786393815233,169.675400955701,38.9934887068775,93.5852566436943,68.8043852241732,-132.220122859702,-317.331291495945,-233.303676314089,0.969873452604026,2.32771826743076,1.71135101948179,0.0734713728537887,0.176332960001952,0.129640942845141,-63.6282753583879,0.0972307071338557,18.7648323338654,1.28351326461134,-61.1975076800415,50.852663949149
"2016-07-21 11:30:00",-19.1652785060868,-45.0177345615336,-31.0298162467844,32.0200693531641,75.2126290429244,51.8425478618752,49.3629400827754,115.949670813159,79.9217689261902,-44.0275953606006,-103.417364934021,-71.2835033100784,1.08082299026059,2.53876834965384,1.74992180637681,0.181145942707507,0.4254975978103,0.293286910194354,-19.4409554482032,0.219965182645765,21.7968460707791,1.31244135478261,-13.9418258820591,54.6078799403443
"2016-07-22 11:30:00",-9.20397832882887,-22.620802572961,-12.376576506129,20.5360104626888,50.4717657643435,27.6147439228568,26.9663286686384,66.275688092419,36.2615836253592,-28.2370143861971,-69.3986779259723,-37.9702728939281,0.535116031642245,1.31516542878973,0.719569763059088,0.0648619450615659,0.159412506344158,0.0872197648354253,-10.3555289710713,0.065414823626569,9.88952280691614,0.539677322294316,-8.72015838040707,23.381455864274
"2016-07-23 11:30:00",-11.5174187987697,-29.3580978915156,-18.8480983606305,75.4636338437221,192.358095884308,123.495204801358,37.094659232027,94.5549220718266,60.7049025545551,-103.762496535118,-264.492381840924,-169.805906601868,0.684908874201889,1.74584445759102,1.12084400633281,0.155392074348007,0.396097060459568,0.25429700464539,-46.3107018005094,0.190722753484042,16.5558825148787,0.840633004749608,-41.5426329634084,37.5717076336188
"2016-07-24 11:30:00",-23.7041957506421,-53.2362597176624,-36.891739916008,101.340283763722,227.59589580933,157.71973160171,80.9035180482401,181.697820259185,125.913217116631,-139.342890175117,-312.944356737829,-216.864630952351,1.42724971397623,3.20540031201606,2.22128292379553,0.180021259842667,0.404302202213523,0.280173922259644,-59.1448993506412,0.210130441694733,34.3399683045357,1.66596219284665,-53.8916383082729,75.9890231257019
"2016-07-25 11:30:00",-18.5604932890428,-44.7310895446251,-33.291758575929,70.6292293076584,170.217586969729,126.686894248798,64.6626534009788,155.838042363873,115.984710771412,-97.1151902980303,-234.049182083378,-174.194479592098,1.12231233357546,2.7047909076769,2.01307964580012,0.0812370349976252,0.195782570550743,0.145714002017492,-47.5075853432994,0.109285501513119,31.6321938467487,1.50980973435009,-44.7754478054715,69.377437205501
"2016-07-26 11:30:00",-9.82746874806871,-24.6691106935991,-16.6642092523102,35.0921583331094,88.0890451640367,59.5049533678809,10.0600113140955,25.2528437432123,17.0585262508863,-48.2517177080254,-121.12243710055,-81.8193108808362,0.361256754113377,0.906834006242408,0.612574641414019,0.0660420616689939,0.16578011810682,0.111985981672276,-22.3143575129553,0.083989486254207,4.65232534115081,0.459430981060514,-20.2146203566002,16.1380998676637
"2016-07-27 11:30:00",-10.9642045304563,-27.7045252729285,-19.0249264102435,85.9932762001337,217.289169238927,149.21426784212,34.1117497023364,86.1941082097692,59.1902062761491,-118.240754775184,-298.772607703525,-205.169618282915,0.643206082816285,1.62526329453137,1.1160817328981,0.100738998077337,0.254548892302261,0.174800827523712,-55.955350440795,0.131100620642784,16.1427835298588,0.837061299673575,-52.6778349247254,37.0693160216982
"2016-07-28 11:30:00",-12.2552355112093,-31.2546323309618,-22.426404718838,68.9479171882057,175.83846509779,126.170883780189,31.7592252964467,80.9958249148876,58.1176297594129,-94.8033861337829,-241.777889509461,-173.484965197759,0.688861512121278,1.7568094279876,1.26057855452328,0.119437362630999,0.304602131244009,0.218563782839053,-47.3140814175706,0.16392283712929,15.8502626616581,0.94543391589246,-43.2160104893384,39.4861105589696
"2016-07-29 11:30:00",-15.666892002386,-39.0566973767802,-29.6273047325368,111.743002844161,278.569140924214,211.314662569226,28.4593767507261,70.9476560581133,53.8188829899015,-153.646628910722,-383.032568770795,-290.557661032685,0.834337078017985,2.07995630284633,1.57779595699827,0.0795421903424356,0.198294291964075,0.15042043514501,-79.2429984634595,0.112815326358757,14.677877179064,1.1833469677487,-76.4226153044906,44.2615513727816
"2016-07-30 11:30:00",-14.8450709535105,-37.1337831799886,-27.9017143799943,54.5560268662603,136.46763152279,102.53953545232,11.2380704343201,28.1111536735901,21.1222588576788,-75.0145369411078,-187.642993343836,-140.99186124694,0.721648953126122,1.8051483782982,1.35635882346426,0.0992512538930728,0.248269243976622,0.186545429567378,-38.45232579462,0.139909072175533,5.76061605209422,1.01726911759819,-34.9545989902317,31.1923439920491
"2016-07-31 11:30:00",-12.1878170492246,-31.0522051119985,-22.7330671245263,35.1260773692443,89.4944644183919,65.51817043456,-5.202772774437,-13.2556606889022,-9.70436151422694,-48.2983563827109,-123.054888575289,-90.0874843475201,0.541693512987351,1.38013050287725,1.0103823303161,0.0669836466913814,0.170661401283731,0.124939825592279,-24.56931391296,0.0937048691942092,-2.64664404933462,0.757786747737075,-22.2266921831048,16.2980246440923
"2016-08-01 11:30:00",-15.9523718406719,-39.1105989956338,-29.298342355538,30.4668118322164,74.6958052474195,55.9557595859322,-25.2415676244794,-61.8850186819996,-46.3590052462889,-41.8918662692976,-102.706732215202,-76.9391694306568,0.661390148003404,1.62153723073788,1.21471811090679,0.163763675754701,0.401501138292383,0.300770586692923,-20.9834098447246,0.225577940019692,-12.6433650671697,0.911038583180092,-15.3439613442323,10.1325995123326
"2016-08-02 11:30:00",-14.6251800575676,-36.7364752154322,-26.9776241517621,-0.227279085572737,-0.570894338480891,-0.419239265704963,13.7578983430854,34.5579807911954,25.3778352920764,0.312508742662514,0.784979715411226,0.576453990344324,0.480428603184385,1.2067717049771,0.886199160451227,0.186112714513112,0.467489979410542,0.343303729747994,0.157214724639361,0.257477797310996,6.92122780692993,0.66464937033842,6.59415965741425,23.5374620653904
"2016-08-03 11:30:00",-12.815197378317,-32.3713707318847,-22.795511513144,-10.0537564243831,-25.3959316313326,-17.8834951625589,-38.8261809711265,-98.0754850054944,-69.0635211624777,13.8239150835267,34.9194059930823,24.5898058485184,0.556712477077129,1.40626363016629,0.990273134785632,0.142998766796705,0.36121691750224,0.254364403344662,6.70631068595956,0.190773302508497,-18.8355057715848,0.742704851089224,11.475643248672,-0.267884494354224
"2016-08-04 11:30:00",-19.9796364435,-45.9610705250877,-33.2314295765366,15.379358537569,35.3786108358234,25.5799484449479,-59.1174896668497,-135.993621281742,-98.3280501705365,-21.1466179891574,-48.6455898992571,-35.1724291118034,1.03041850406998,2.37037033530825,1.71385901085813,0.0944387376920386,0.217246469706217,0.157076645002267,-9.59248066685547,0.1178074837517,-26.8167409556009,1.2853942581436,-6.64729357306297,5.31811549798908
"2016-08-05 11:30:00",-18.3997496146769,-43.2365923331581,-31.5061282690735,-10.2077717350418,-23.9866995138827,-17.478899026382,-37.3839673115181,-87.8465951055605,-64.0130487636649,14.0356861356824,32.9817118315888,24.0334861612752,1.19724922879861,2.81335224178606,2.05006527602363,0.19774983059763,0.464681802119779,0.338609582112287,6.55458713489324,0.253957186584215,-17.4581042082722,1.53754895701772,12.9035167994986,20.9806197171708
"2016-08-06 11:30:00",-14.3228091406635,-35.6187110647299,-26.7164188850527,-15.3198189083356,-38.0981271132621,-28.5761469819658,-1.99799142455053,-4.96870959893114,-3.72686498177844,21.0647509989614,52.3849247807354,39.292202100203,1.22549352491171,3.04762140909918,2.28592017326457,0.159288033329048,0.396125814391296,0.297120891579369,10.7160551182372,0.222840668684527,-1.01641772230321,1.71444012994843,16.2870718353503,41.8445855264075
"2016-08-07 11:30:00",-13.539096377137,-34.0220516049098,-25.517371540039,-9.33301893828083,-23.4527063773613,-17.5901038890966,38.5848784441988,96.9589615902632,72.7215946811998,12.8329010401361,32.2474712688717,24.1863928475078,1.54219507088848,3.87534284601204,2.90660200022889,0.0938192120074,0.235755916313426,0.176822708377289,6.59628895841122,0.132617031282967,19.8331621857818,2.17995150017167,9.91171474048539,74.3319496900735
"2016-08-08 11:30:00",-10.9982540395094,-28.0478199208962,-20.2098154379272,-20.9715169787011,-53.481700783924,-38.5361609279404,16.3705327157997,41.7482404000162,30.08163328637,28.835835845714,73.5373385778955,52.9872212759181,0.562839372884307,1.43535667737252,1.03424414514596,0.124708182229684,0.318031628045254,0.229157222356151,14.4510603479777,0.171867916767113,8.20408180537363,0.77568310885947,18.7477582671555,27.5961595268604
"2016-08-09 11:30:00",-13.7426389308768,-34.5775700465808,-25.3005643598151,-23.2590425603106,-58.5215967173947,-42.8205169476333,166.883228005507,419.891444065741,307.236468335099,31.981183520427,80.4671954864177,58.8782108029958,2.65970627784585,6.69203204625546,4.89659010902572,0.132934398197243,0.334473494383802,0.244735768300365,16.0576938553625,0.183551826225274,83.7917640913906,3.67244258176929,20.6464895109943,175.602828635623
"2016-08-10 11:30:00",-14.7214001630746,-36.7388050987785,-26.290149889256,-31.1282496720608,-77.6838266129376,-55.5902523267695,262.811517090143,655.873829739883,469.340830381966,42.8013432990836,106.815261592789,76.4365969493081,3.53927963532897,8.83264521526803,6.32060748855812,0.150834291340131,0.376422865377779,0.269366777877435,20.8463446225386,0.202025083408076,128.002044649627,4.74045561641859,25.8969717077405,246.513435060092
"2016-08-11 11:30:00",-21.6852127939123,-49.6885584209741,-35.572624565047,-40.1234062595824,-91.9370372301545,-65.8188084529042,517.987291124529,1186.89366901618,849.711165472693,55.1696836069258,126.413426191462,90.5008616227432,6.28023436052155,14.3902573097087,10.3021548006233,0.179954111213369,0.412339065016239,0.295198396159017,24.6820531698391,0.221398797119263,231.73940876528,7.72661610046748,30.2170230978206,424.904811276967
"2016-08-12 11:30:00",-10.3366687468187,-26.0162383138494,-16.5053748798015,-10.1399927325504,-25.5212267987132,-16.1913267638295,308.342231760106,776.062886426923,492.354379455324,13.9424900072567,35.0916868482307,22.2630743002656,3.48495553654071,8.77124303511379,5.56470357896948,0.0561319383365971,0.141277806278996,0.0896302965363551,6.07174753643607,0.0672227224022663,134.278467124179,4.17352768422711,7.75231559649273,238.616659229857
"2016-08-13 11:30:00",-14.8533768237123,-37.303672942059,-27.4633672196584,-7.80940271478906,-19.6130084224518,-14.4393087893697,527.492094682167,1324.77569330442,975.314184354107,10.737928732835,26.9678865808712,19.8540495853833,5.67778512351868,14.2595345016025,10.498023425392,0.233617304714859,0.586720692009641,0.43195011507474,5.41474079601363,0.323962586306055,265.99477755112,7.873517569044,13.513805453665,462.83271677722
"2016-08-14 11:30:00",-11.8973581790572,-30.3273503699817,-21.4508537894364,-21.9484980327703,-55.9485374750168,-39.5729888192706,482.688092408994,1230.41188452021,870.28326291743,30.1791847950592,76.9292390281481,54.412859626497,5.01603247565327,12.7862818002843,9.04387155693999,0.125821541533858,0.320729519676517,0.22685536153356,14.8398708072265,0.17014152115017,237.349980795663,6.78290366770499,19.0934088359807,406.922572488288
"2016-08-15 11:30:00",-10.4091932823531,-26.0320804217373,-17.5251527233592,-7.79851981454628,-19.5031151287151,-13.1297639556531,469.622569582846,1174.46685517592,790.667156524853,10.7229647450011,26.8167833019832,18.053425439023,4.7601541298747,11.9045455077524,8.01430291953656,0.0717669962091407,0.179480211988198,0.120828534445044,4.92366148336991,0.090621400833783,215.636497234051,6.01072718965242,7.18919650421448,365.904676975361
"2016-08-16 11:30:00",-10.933939959455,-27.6822754550501,-18.8447132480057,-14.6031090875686,-36.9717859949148,-25.1685489681701,20.8313916645752,52.7403958965536,35.9030325693669,20.0792749954068,50.8362057430078,34.606754831234,0.563480674194437,1.42660626402646,0.971162432331151,0.0568426395238606,0.143912771674855,0.0979686413185957,9.43820586306382,0.0734764809889468,9.79173615528188,0.728371824248363,11.2751178877875,28.001031761491
"2016-08-17 11:30:00",-14.1771426650614,-35.9011722373426,-25.8381457924276,-29.1903693653459,-73.9195833050041,-53.2000726250258,711.080912304205,1800.68994933892,1295.96017451439,40.1367578773507,101.639427044381,73.1500998594105,6.99149663862702,17.7047611743889,12.7421521898983,0.146095558853632,0.369961842483324,0.266262281368526,19.9500272343847,0.199696711026394,353.44368395847,9.55661414242373,24.9424450100445,592.359037519063
"2016-08-18 11:30:00",-10.3809496023541,-25.94659035449,-16.9136576192284,-16.9444751609104,-42.351747442476,-27.607594910601,524.371159546783,1310.63575025775,854.356739768854,23.2986533462518,58.2336527334044,37.9604430020764,5.12005404558137,12.7972825225375,8.34209243239847,0.0487681744691398,0.121893265429216,0.0794578759441015,10.3528480914754,0.0595934069580761,233.006383573324,6.25656932429885,11.8426832654273,389.420616680795
"2016-08-19 11:30:00",-18.5872866740765,-44.896696565503,-32.6439344978525,-36.3346015153933,-87.7644815873122,-63.8126679096374,918.303230046271,2218.11726463606,1612.77065428842,49.9600770836659,120.676162182554,87.7424183757514,8.93834712390726,21.5901473763189,15.6979780399494,0.191644956761167,0.462909171353951,0.336576581889199,23.929750466114,0.252432436416899,439.84654207866,11.773483529962,30.2405613765365,734.183630327711
"2016-08-20 11:30:00",-18.5697893549353,-44.8051717738352,-33.3549476608603,-29.6706042790955,-71.5892084691338,-53.2941668792978,873.109620214948,2106.63814022866,1568.27442292572,40.7970808837563,98.435161645059,73.2794794590345,8.49632371933547,20.4999225578056,15.2610472607673,0.130356322044826,0.314523621640951,0.234145267668955,19.9853125797367,0.175608950751716,427.711206252469,11.4457854455755,24.3755363485296,713.855842391856
"2016-08-21 11:30:00",-25.2920702875912,-55.8132952376559,-40.8786039614962,-74.0072641391016,-163.315586116863,-119.615104916914,1098.62759556467,2424.39727749652,1775.66968103409,101.759988191265,224.558930910687,164.470769260756,10.7111629796834,23.6368670071674,17.3120422501886,0.447095700987794,0.986628776330792,0.722623647876484,44.8556643438425,0.541967735907363,484.273549372934,12.9840316876415,58.4048577415266,808.87434156397
"2016-08-22 11:30:00",-17.6996889278876,-42.8159341951911,-32.7017145109607,-69.5593585040901,-168.265607859261,-128.516963921456,689.869869801673,1668.810286385,1274.59457755908,95.6441179431239,231.365210806483,176.710825392002,6.75179793024267,16.3327466973172,12.474533832208,0.463252500923463,1.12061792024183,0.855899281247745,48.193861470546,0.641924460935809,347.616702970658,9.355900374156,64.2419729939412,581.514212324558
"2016-08-23 11:30:00",-24.6781525628779,-54.439569999794,-39.4771032150984,-98.89375962508,-218.157892327435,-158.198193568228,95.9089570027914,211.573470301612,153.423469816255,135.978919484485,299.967101950224,217.522516156313,2.82508156503932,6.23208018603603,4.51922145508946,0.60505968874599,1.33475101896767,0.967900807123271,59.3243225880854,0.725925605342453,41.8427644953423,3.38941609131709,77.4724627216467,126.57816677827
"2016-08-24 11:30:00",-24.8668535404617,-54.3478911851082,-38.2744375975658,-90.8723977187001,-198.606678360405,-139.868516544172,726.447449895706,1587.69129734852,1118.12970401352,124.949546863213,273.084182745558,192.319210248236,7.21272155750661,15.7638040421167,11.1016402100175,0.743035976839158,1.62394644542252,1.14366234883727,52.4506937040644,0.857746761627952,304.94446473096,8.32623015751313,73.8943627447632,513.100218668788
"2016-08-25 11:30:00",-13.2882729258434,-33.6329992762016,-23.8386314331341,-23.9012468478121,-60.4947401681817,-42.8778831964869,323.853936811042,819.683587411681,580.981041019517,32.8642144157416,83.1802677312499,58.9570893951695,3.24700745512588,8.21826884483098,5.82500182042821,0.109152756021133,0.276268751006345,0.195815689158375,16.0792061986826,0.146861766868781,158.449374823505,4.36875136532116,19.7507503704021,267.668158956534
"2016-08-26 11:30:00",-11.1967806703847,-28.5369678814126,-20.279747986794,-6.13078309927948,-15.6253806823952,-11.1041503692161,220.71973481814,562.543124557136,399.770320558587,8.42982676150929,21.4848984382935,15.2682067576721,2.23285475163218,5.69082365788608,4.04417421285974,0.0477043429197043,0.121582921178782,0.0864026974151639,4.16405638845603,0.0648020230613729,109.028269243251,3.03313065964481,5.78410696499035,184.856535734371
"2016-08-27 11:30:00",-13.3482578383754,-33.7341823592278,-24.7107159783191,-24.0386033389387,-60.7511960373998,-44.5010207936083,206.376161074081,521.561025908214,382.050059471891,33.0530795910407,83.5328945514247,61.1889035912115,2.09436537348721,5.29295315475184,3.87715524570417,0.120893232582945,0.305525590180387,0.223801365708533,16.6878827976031,0.1678510242814,104.195470765061,2.90786643427813,20.8841584046381,176.892131622014
"2016-08-28 11:30:00",-7.5963880986059,-16.5664770848203,-8.85165444568853,-26.524661912747,-57.84593915637,-30.9077338456998,91.264829407787,199.033630905668,106.345900509046,36.4714101300272,79.5381663400087,42.4981340378372,0.914739721589822,1.99489736958987,1.06589603087083,0.615052292705092,1.34132821820084,0.716686705626992,11.5904001921374,0.537515029220244,29.003427411558,0.799422023153123,25.0282759226435,48.9889779903861
"2016-08-29 11:30:00",-11.2314792885332,-28.627049377194,-19.3200211207794,-22.7304412254768,-57.9358646007981,-39.1001570923253,109.602836088814,279.358196724656,188.535192358418,31.2543566850306,79.6618138260974,53.7627160019472,1.04963390883841,2.67533073465859,1.80554571369313,0.59053768082405,1.50517584672067,1.01582348798746,14.662558909622,0.761867615990595,51.4186888250231,1.35415928526985,33.7092493093868,85.2726709567693
"2016-08-30 11:30:00",-10.69418669108,-27.1710098809944,-17.9209798802287,-22.2644063877256,-56.5677805550142,-37.3099881688497,550.479627002,1398.6185033625,922.476351400064,30.6135587831228,77.7806982631445,51.3012337321684,5.40898909254616,13.7427651419577,9.06421287565033,0.128600179970224,0.326737961623871,0.215504114937742,13.9912455633187,0.161628086203306,251.584459472745,6.79815965673775,18.0319477184013,421.538450891188
"2016-08-31 11:30:00",-18.147316292666,-43.4860022961972,-32.610299829937,-20.5471856541386,-49.2367547975877,-36.9228085319499,159.249612688906,381.606233746916,286.167802105557,28.2523802744406,67.700537846683,50.7688617314312,1.20544868036597,2.88858932290321,2.16616287843194,0.0798846189477541,0.191425699919982,0.143550778179765,13.8460531994812,0.107663083634824,78.0457642106064,1.62462215882395,16.5376302903518,118.661318181205
"2016-09-01 11:30:00",-14.418588755912,-36.1312025733331,-27.0210077470653,-31.2158329111566,-78.2230217881669,-58.4997101451839,138.832311167806,347.896624520293,260.177262776158,42.9217702528404,107.55665495873,80.4371014496279,0.921790883910915,2.30989410410787,1.72747271157992,0.146994177637128,0.368349253815143,0.275472924566056,21.937391304444,0.206604693424542,70.9574353025885,1.29560453368494,27.1025086400575,103.347548644712
"2016-09-02 11:30:00",-13.0023621849753,-33.0025084217181,-24.4796199744057,-35.7941059784311,-90.8523595324909,-67.3897634299178,143.478839063687,364.177026233689,270.128412413136,49.2168957203427,124.921994357175,92.6609247161369,0.863885050872808,2.19270723744113,1.62644121476428,0.14831284771216,0.376446674537765,0.279229427519786,25.2711612862192,0.20942207063984,73.6713852035825,1.21983091107321,30.5067130522151,104.167157980413
"2016-09-03 11:30:00",-13.1850156920603,-33.4443278360875,-24.8260097334916,-41.0966518392868,-104.243326604937,-77.3807102247464,166.97516293617,423.539282784788,314.396821143028,56.5078962790193,143.334574081788,106.398476559026,0.942568684473873,2.39086375229396,1.77475855029311,0.146283117346081,0.371053068700802,0.275435856877,29.0177663342798,0.20657689265775,85.7445875844622,1.33106891271983,34.1821886507236,119.021310402458
"2016-09-04 11:30:00",-17.9947189803868,-43.25812967411,-32.5136220400808,-63.9411310031688,-153.710304643217,-115.531549479504,255.04228144705,613.104994595488,460.821219394839,87.9190551293571,211.351668884424,158.855880534318,1.37861168610584,3.31409249307032,2.49093410966512,0.163084610726449,0.392044757483891,0.294668196791118,43.324331054814,0.221001147593338,125.678514380411,1.86820058224884,48.8493597446475,172.383528936632
"2016-09-05 11:30:00",-23.9405453123026,-53.1863352482136,-38.1122997799576,-89.6163810717069,-199.091826240153,-142.665354362027,369.050285961246,819.882420242835,587.511894526736,123.222523973597,273.75126108021,196.164862247787,1.93167334234063,4.29140709351221,3.07513937297019,0.283182831881187,0.629119213305117,0.450814667769782,53.4995078857601,0.338111000827337,160.23051668911,2.30635452972764,61.9522829064435,217.889379932301
"2016-09-06 11:30:00",-24.0610504968687,-53.4403577556346,-34.8278618230724,-72.3777455652167,-160.753272890344,-104.765256277523,396.289423886486,880.171403572934,573.620561531995,99.519400152173,221.035750224223,144.052227381593,2.02348976547542,4.49423507073993,2.92895864881504,0.375518709295213,0.834038986422558,0.543555391358088,39.2869711040708,0.407666543518566,156.441971326908,2.19671898661128,49.478634692035,211.35994599219
"2016-09-07 11:30:00",-16.4348934754112,-40.3982365397133,-25.6218966605664,-33.5710217596423,-82.5201623579101,-52.3370140245865,285.487920091105,701.751340361678,445.073890947827,46.1601549195081,113.465223242126,71.9633942838064,1.4293280250411,3.51339859518055,2.22831349691717,0.165651648258983,0.407184535730149,0.258249888853506,19.6263802592199,0.19368741664013,121.383788440316,1.67123512268788,24.4685656752232,163.164666507513
"2016-09-08 11:30:00",-15.7059592688629,-38.9281650481693,-26.5123837700411,-20.8776831812864,-51.7465939387572,-35.242492308569,139.864611449886,346.662854889312,236.097916155843,28.7068143742689,71.1515666657911,48.4584269242824,1.31316639926954,3.25476193153123,2.2166854590269,0.0777900923804099,0.192807424459606,0.1313132644362,13.2159346157134,0.09848494832715,64.3903407697754,1.66251409427018,15.6780583238921,105.95319312653
"2016-09-09 11:30:00",-12.7751039520332,-32.5145325109466,-23.4512849333897,-10.6498985538672,-27.1055698699726,-19.5500409574896,238.454278188142,606.901470988711,437.731015134786,14.6436105115674,37.2701585712123,26.8813063165482,1.15821592175304,2.94783113968647,2.12613937995364,0.077556893852325,0.197393786859019,0.142371351584193,7.3312653590586,0.106778513688145,119.381185945851,1.59460453496523,10.0007282012622,159.246299319981
"2016-09-10 11:30:00",-19.5469171855689,-46.0354834646264,-34.2427250118167,-17.223392014279,-40.5632852869246,-30.17232185089,372.550017322365,877.402814948842,652.641420394191,23.6821640196337,55.7745172695214,41.4869425449737,1.78716728111601,4.20900692611918,3.13079945939264,0.111493339685913,0.262581037551853,0.195316516424003,11.3146206940837,0.146487387318002,177.993114652961,2.34809959454448,14.9768053770338,236.695604516573
"2016-09-11 11:30:00",-17.8344915532668,-42.7541525816671,-32.628845460039,-36.9876616666849,-88.6695382267212,-67.6702609012369,343.62324846797,823.758880466467,628.671125120146,50.8580347916918,121.920615061742,93.0466087392008,1.62974404125102,3.90694207348714,2.9816754967516,0.230813499894473,0.553323068556406,0.422281621859187,25.3763478379639,0.31671121639439,171.455761396403,2.2362566225637,33.2941282478236,227.362176960496
"2016-09-12 11:30:00",-23.1732068566448,-50.9822267384456,-37.2973948942855,-54.3036735457049,-119.470827432924,-87.4020401653537,333.510667155161,733.740330277988,536.78712365077,74.6675511253442,164.27238772027,120.177805227361,1.8223571836916,4.00927794379739,2.9330932028121,0.288177555189217,0.634005191878514,0.463823248204422,32.7757650620075,0.347867436153317,146.396488268392,2.19981990210908,41.4724509658405,201.391985821119
"2016-09-13 11:30:00",-19.2746001214794,-44.7836645007648,-32.9667709335207,-48.8523197482289,-113.506162716742,-83.5557274631212,371.794815537375,863.848493728001,635.908109161358,67.1719396538148,156.07097373552,114.889125261792,1.7289749271259,4.0171953025554,2.95719340547261,0.390593038197743,0.907525316672538,0.668060096569443,31.3333977986705,0.501045072427082,173.429484316734,2.21789505410446,43.8595246093476,228.876860669345
"2016-09-14 11:30:00",-12.4595394639094,-31.5432996935383,-23.1873142146913,-20.7617021810608,-52.5615409736584,-38.6377131753993,238.529288971075,603.874715393405,443.905137007673,28.5473404989586,72.2721188387803,53.126855616174,1.09997302991712,2.78475613308089,2.04705963220021,0.128684074236732,0.325784137623426,0.239482211392871,14.4891424407747,0.179611658544653,121.065037365729,1.53529472415016,18.9794339043911,159.447405469483
"2016-09-15 11:30:00",-12.967111022381,-32.6081715488365,-24.052593957277,-19.7933940960195,-49.7741084427159,-36.7146136410962,243.670636139707,612.754366870431,451.982778605343,27.2159168820268,68.4393991087344,50.4825937565073,1.11453683451117,2.80270665027159,2.06734575532334,0.0744376813812405,0.187187159883777,0.138073879547565,13.7679801154111,0.103555409660674,123.26803052873,1.55050931649251,16.3568653569279,162.030763441043
"2016-09-16 11:30:00",-18.9443165122188,-43.7097438952424,-31.5753189789078,-43.770719033484,-100.99107654954,-72.9545673778722,346.402734709579,799.246296851167,577.364553456769,60.1847386710405,138.862730255617,100.312530144574,1.5720218814602,3.62708645582562,2.62015746606183,0.220115707806602,0.507867423421744,0.366876455098219,27.357962766702,0.275157341323664,157.463060033664,1.96511809954637,34.2368962997936,206.591012522324
"2016-09-17 11:30:00",-16.1578696488107,-38.7488211561052,-28.2122815694324,-37.8311759385267,-90.7244273179922,-66.0547343726719,285.073262628029,683.645375909685,497.749228579193,52.0178669154742,124.746087562239,90.8252597624238,1.28382828679691,3.0787989853541,2.24161513251112,0.186623405623966,0.447548911164697,0.325851871648021,24.7705253897519,0.244388903736016,135.749789612507,1.68121134938334,30.8802479831523,177.780073347091
"2016-09-18 11:30:00",-13.7667692949447,-34.1097536906564,-25.2429495546722,-19.9841517702918,-49.5144852069001,-36.6432330071537,232.634783737134,576.396320963015,426.562542360242,27.4782086841512,68.0824171594876,50.3844453848363,1.03988154413383,2.57650161616998,1.90674201034545,0.114315187270179,0.283237322958473,0.209609999540972,13.7412123776826,0.157207499655729,116.335238825521,1.43005650775909,17.6713998690758,152.086651519498
"2016-09-19 11:30:00",-18.2349908606139,-42.1913610935207,-31.0715658619802,-32.8425225664338,-75.9896585314692,-55.9621121171302,291.799312127747,675.153074598704,497.212288975755,45.1584685288465,104.48578048077,76.947904161054,1.29422786386712,2.99453043651677,2.2053033434426,0.176059239453476,0.407358523095094,0.299996654569458,20.9857920439238,0.224997490927094,135.603351538842,1.65397750758195,26.6107293171012,176.952789228391
"2016-09-20 11:30:00",-7.93955508852914,-19.4046764879396,-11.6982864814571,-15.261960368644,-37.3010074523153,-22.4872530853763,119.077275515404,291.030918316826,175.450647659484,20.9851955068855,51.2888852469335,30.9199729923924,0.523880032272867,1.28038944643555,0.771894474074152,0.0819424625259723,0.200271546479839,0.120735531265451,8.43271990701611,0.0905516484490883,47.8501766344047,0.578920855555614,10.6965111182433,62.3231980232951
"2016-09-21 11:30:00",-15.3590404568867,-37.0368158911092,-27.1777181810378,-22.4375265268862,-54.1058890599871,-39.703051394324,214.809276206051,517.991448546431,380.103561012702,30.8515989744685,74.3955974574822,54.5916956671955,0.937552480833585,2.26081562310859,1.65899277207797,0.221469532320816,0.53405200130053,0.391888839149621,14.8886442728715,0.293916629362216,103.664607548919,1.24424457905848,22.2365600069269,134.770722025381
"2016-09-22 11:30:00",-15.6482766569613,-37.480437577306,-25.5014844327685,-44.3332506361582,-106.186110425674,-72.2484479112957,200.766841079865,480.872700530847,327.183151515708,60.9582196247175,146.005901835302,99.3416158780316,0.868268459548703,2.0796591542866,1.41498869748031,0.615572727910596,1.47440741932954,1.00317873221301,27.0931679667359,0.752384049159757,89.2317685951931,1.06124152311023,45.9027691957298,115.762806672949
"2016-09-23 11:30:00",-12.4026096216637,-31.1484713735088,-21.926114754967,-7.09218420919339,-17.8116302580262,-12.5380101105916,145.927680615667,366.489337398813,257.980148429126,9.75175328764091,24.4909916047861,17.2397639020634,0.62564818733801,1.5712809842169,1.10606028652623,0.0565995122539327,0.142146559552819,0.100060183994441,4.70175379147184,0.0750451379958307,70.3582222988525,0.829545214894672,6.57788224136761,91.0968526712194
"2016-09-24 11:30:00",-14.6384478420109,-35.5924378344774,-26.2955541826541,-39.6613303648527,-96.4339560231528,-71.2450304035693,154.282007139944,375.126707925102,277.142147988807,54.5343292516724,132.596689531835,97.9619168049078,0.654246578090024,1.59075818081338,1.17524593649944,0.301136346207779,0.732193522003199,0.540941716877093,26.7168864013385,0.40570628765782,75.5842221787655,0.88143445237458,36.859543592784,97.62008348813
"2016-09-25 11:30:00",-18.4219615557752,-42.2170405922379,-31.012682906975,-43.7143949118776,-100.178929310668,-73.591547988403,172.606869377301,395.557833998204,290.577205438026,60.1072930038317,137.746027802169,101.188378484054,0.723498804535124,1.65801987519182,1.21798316323102,0.245056070101787,0.561587430716257,0.412542723720627,27.5968304956511,0.30940704279047,79.2483287558253,0.913487372423265,35.3320065654128,102.085513066407
"2016-09-26 11:30:00",-26.3904213421046,-53.8652219754386,-37.1414527269044,-68.7529882378905,-140.331028629699,-96.7618451167701,216.586215916818,442.071933825717,304.819941883204,94.5353588270995,192.955164365836,133.047537035559,0.895806968434802,1.82842253923776,1.26074425789745,0.463945753043996,0.946954982200518,0.652949758973323,36.2856919187888,0.489712319229992,83.132711422692,0.945558193423087,48.5284998995386,106.771666258269
"2016-09-27 11:30:00",-21.2972296272562,-46.4992027137988,-34.5144983093224,-69.2099358392345,-151.109176767241,-112.162297881902,150.229140139489,328.002062386824,243.462811553645,95.1636617789475,207.775118054956,154.223159587615,0.611508909528128,1.33513500314857,0.991017310393876,1.45565523123954,3.17819776860477,2.35904908276308,42.0608617057132,1.76928681207231,66.3989486055395,0.743262982795407,86.2930320075209,84.9805231754247
"2016-09-28 11:30:00",-15.5570000371472,-37.0518903257222,-28.5061778046988,-54.286804951748,-129.294127299808,-99.4735045772558,93.0104977503848,221.521807132427,170.429631692808,74.6443568086535,177.779425037237,136.776068793727,0.371732587428918,0.885350326349868,0.681151584993675,0.975297114012247,2.32285155345424,1.78710502526559,37.302564216471,1.34032876894919,46.4808086434931,0.510863688745256,70.8107834402008,59.2524008621245
"2016-09-29 11:30:00",-22.976002215967,-48.7051970340468,-35.0095181296026,-87.8286678572602,-186.181761866864,-133.828300970077,115.029747042807,243.843399814918,175.275749744667,120.764418303733,255.999922566938,184.013913833856,0.450348620891561,0.954662090835438,0.686215472106274,1.23947293103873,2.62747073042395,1.8886379641884,50.1856128637789,1.4164784731413,47.802477203091,0.514661604079706,85.5975746923114,60.6690173050836
"2016-09-30 11:30:00",-19.1740759526721,-42.9908602144455,-31.9883709836664,-67.3501726688975,-151.008156313464,-112.361206582497,79.2929805565173,177.785539783309,132.285554970331,92.6064874197341,207.636214931013,154.496659050933,0.303253528576731,0.67993524635865,0.505921974970922,1.01672632935688,2.27963734000107,1.69621832585871,42.1354524684363,1.27216374439403,36.0778786282721,0.379441481228191,73.9395460782871,45.5639156589769
"2016-10-01 11:30:00",-12.4360249269624,-30.9751879191161,-22.4435415106476,-48.9494618498129,-121.921497282485,-88.340067296607,42.0030898013573,104.61973238408,75.8038115128227,67.3055100434928,167.642058763417,121.467592532835,0.156579808395188,0.390003157589748,0.282582694235966,0.75232142644335,1.87385420152517,1.35772944030719,33.1275252362277,1.01829708023039,20.6737667762244,0.211937020676975,58.5849522419875,25.9721922931487
"2016-10-02 11:30:00",-9.44588305816306,-24.0805372213437,-16.7067353485591,-34.866970904509,-88.8869135359395,-61.6684805137557,26.0447490177425,66.3962854801918,46.0648016050801,47.9420849936999,122.219506111917,84.7941607064141,0.0947801192021453,0.241624438312123,0.167635609933442,0.169971094395607,0.43330996582779,0.30062431151086,23.1256801926584,0.225468233633145,12.5631277104764,0.125726707450082,28.762386033487,15.7062953967284
"2016-10-03 11:30:00",-7.49508155953479,-18.1965194812666,-11.3993556681577,-22.9840885270604,-55.8006489081847,-34.9567643456901,17.0765040324477,41.458246428695,25.9718512051366,31.6031217247081,76.725892248754,48.0655509753239,0.0611546861749834,0.148471024566529,0.0930108649179894,0.0600860767486277,0.145876660237056,0.0913856045622995,13.1087866296338,0.0685392034217246,7.08323214685544,0.0697581486884921,14.8222667151769,8.82718586406774
"2016-10-04 11:30:00",-18.2211339793141,-41.8907301459306,-30.4720833422826,-61.1262578296392,-140.530417836727,-102.224396412497,35.8223660184575,82.3562940578545,59.9074746978662,84.0486045157539,193.2293245255,140.558545067183,0.128232728646292,0.294809457945733,0.21444979214544,0.280197504226931,0.644179338698625,0.468587833819552,38.3341486546863,0.351440875364664,16.3384021903271,0.16083734410908,47.1201705388029,20.3593357930541
"2016-10-05 11:30:00",-21.1490163786832,-46.1489276336159,-32.2810451066123,-84.608340398,-184.622495359321,-129.142916336117,37.317347033791,81.4295812582932,56.9597631061044,116.33646804725,253.855931119067,177.571509962161,0.137849724988145,0.300799662210477,0.210408517852473,0.462009476756413,1.00814342979879,0.705193494194303,48.4285936260439,0.528895120645727,15.5344808471194,0.157806388389355,61.6509716421871,19.4796405568532
"2016-10-06 11:30:00",-11.674664787164,-29.4377051802444,-20.4990401809536,-38.7121156533638,-97.6127253572374,-67.9729335903955,20.0143094703003,50.4661463360095,35.142262455091,53.2291590233752,134.217497366201,93.4627836867938,0.0774446160090659,0.195276850807631,0.135981659800102,0.233369301648815,0.588441452092963,0.409763087738491,25.4898500963983,0.307322315803868,9.584253396843,0.101986244850076,33.172907991495,12.1339095180949
"2016-10-07 11:30:00",-26.7378622486954,-54.1569399681835,-37.0513774356073,-83.5776355114711,-169.284625187203,-115.815785484579,47.2325422922703,95.6684544813219,65.4514087714541,114.919248828273,232.766359632404,159.246705041296,0.191486905406312,0.387852429798828,0.265348573502053,0.34185871410726,0.692427153872806,0.473722847706626,43.4309195567171,0.355292135779969,17.8503842103966,0.19901143012654,52.3132229512163,22.8256699635601
"2016-10-08 11:30:00",-12.9705046395695,-32.1757653674105,-24.8001433182752,-77.1044336821833,-191.27198485219,-147.426878053687,24.439046716217,60.6256313686715,46.7284718649407,106.018596313002,262.998979171761,202.71195732382,0.102252276616323,0.25365591795506,0.19551059771171,5.15154128396381,12.7793627340971,9.84996079200775,55.2850792701327,7.38747059400581,12.7441286904384,0.146632948283783,239.971844120278,16.4099523975329
"2016-10-09 11:30:00",-10.2325726749766,-26.0784537462502,-19.0753536565309,-63.2899484148331,-161.299024670016,-117.983833319738,21.012727083853,53.5524592636321,39.1714980332234,87.0236790703955,221.786158921273,162.227770814639,0.0891701827461968,0.227256679249208,0.166229239266565,1.4442153394673,3.6806875578833,2.69227683316587,44.2439374949015,2.0192076248744,10.6831358272427,0.124671929449924,94.7241281167616,13.7999340634908
"2016-10-10 11:30:00",-15.6259243609984,-37.4069709317522,-28.3026893178937,-84.2467503063996,-201.678676217828,-152.593187121497,40.4873009278483,96.9227326284303,73.3332296386301,115.839281671299,277.308179799514,209.815632292059,0.160828910005815,0.385009054350018,0.29130376981674,0.59543434783993,1.42541297569624,1.07848937232661,57.2224451705615,0.808867029244958,19.9999717196264,0.218477827362555,77.4441209016855,25.4619174036903
"2016-10-11 11:30:00",-18.3084991031256,-41.77913009021,-30.1117033705971,-117.3183841566,-267.715010719535,-192.951719512509,44.7743342655186,102.172915728647,73.6396503298892,161.312778215326,368.10813973936,265.3086143297,0.18495337478724,0.422054864373909,0.304189935374522,0.919836296981423,2.09902297817102,1.5128404337352,72.3568948171909,1.1346303253014,20.0835409990607,0.228142451530891,100.722652949726,25.787102287333
"2016-10-12 11:30:00",-19.561907733081,-43.7956223587947,-32.5030471647872,-123.167238702237,-275.749479385214,-204.648269653447,51.2283424311847,114.691121632738,85.118345967805,169.354953215576,379.15553415467,281.39137077349,0.202717277686778,0.453847828152227,0.336824471706721,1.24673968643637,2.7912277898414,2.07151773658176,76.7431011200427,1.55363830243632,23.2140943548559,0.252618353780041,115.584058680951,29.5295531993569
"2016-10-13 11:30:00",-12.9247641154716,-32.0748509036777,-24.8109285986558,-75.898211659383,-188.353443132966,-145.69744510791,35.5014809500151,88.1025524456882,68.1501574131607,104.360041031652,258.985984307828,200.333987023376,0.13163359789404,0.326669638892047,0.252689470334215,0.643751838246888,1.59757223004328,1.23577349275392,54.6365419154662,0.92683011956544,18.5864065672256,0.189517102750661,77.8072949046022,23.3243341359922
"2016-10-14 11:30:00",-17.3556491434812,-40.1750684670695,-30.9866802248378,-99.6492806748208,-230.669371148749,-177.913275924085,49.1694885196604,113.818132150367,87.786933521286,137.017760927879,317.17038532953,244.630754395616,0.168350993936495,0.38970093552728,0.300572935735057,0.542353371883219,1.25544620478447,0.96831471784621,66.7174784715316,0.726236038384658,23.9418909603507,0.225429701801293,84.8733794311481,29.577633505383
"2016-10-15 11:30:00",-31.1320231241529,-59.389104030425,-38.5795204295857,-181.417077490812,-346.080871295468,-224.816222814076,89.7555496185027,171.222462875074,111.227145321284,249.448481549867,475.861198031269,309.122306369354,0.282378586683948,0.538680418990396,0.349930051458785,1.08889958869282,2.0772428021677,1.34938946178382,84.3060835552784,1.01204209633786,30.3346759967138,0.262447538594089,109.607135963725,36.895864461566
"2016-10-16 11:30:00",-10.7755798003811,-27.3723519101274,-14.4173953961677,-46.1044109327247,-117.115383491014,-61.68628827759,31.3650002255057,79.6740258750067,41.9654086581966,63.3935650324965,161.033652300145,84.8186463816863,0.0914253121690396,0.232240479356451,0.122324264603607,0.566536331523009,1.43912737166792,0.758008241707108,23.1323581040963,0.568506181280331,11.4451114522354,0.0917431984527052,37.3450126361045,13.7386914135531
"2016-10-17 11:30:00",-24.3564281324638,-50.779979592446,-31.114848965861,-75.1327285404165,-156.641950997813,-95.9805554498446,67.4141271349961,140.549672617837,86.1201967941666,103.307501743073,215.382682621992,131.973263743536,0.304326728150296,0.634481581653189,0.388771298121916,0.27648284239953,0.57643070725943,0.353201291918788,35.9927082936916,0.264900968939091,23.4873263984091,0.291578473591437,42.6152325171689,30.776788238195
"2016-10-18 11:30:00",-23.3523086506124,-49.4609296407801,-32.3112051297617,-84.3712939337762,-178.701073859378,-116.739557794692,67.9265740406709,143.870636074209,93.9859737393676,116.010529158942,245.713976556645,160.516891967702,0.186913002462949,0.39588766156208,0.258620441103223,0.639035870891237,1.35349822242338,0.884196051815253,43.7773341730096,0.66314703886144,25.6325382925548,0.193965330827417,60.3560101445456,30.4816715632402
"2016-10-19 11:30:00",-12.0034649273846,-30.1679110071998,-22.1982657869484,-38.3335436878481,-96.3424262545483,-70.8910465841517,34.5373720815198,86.801633834978,63.8707048078457,52.7086225707911,132.470836100004,97.4751890532085,0.10058504292608,0.252797058349928,0.186014082647988,0.232920950888227,0.585392514629476,0.430745722709601,26.5841424690569,0.323059292032201,17.4192831294125,0.139510561985991,34.6606247698619,20.9070471790622
"2016-10-20 11:30:00",-17.3465711423432,-40.1897447292229,-30.63230527981,-65.6334097387186,-152.06405700944,-115.902020472716,49.0383410561358,113.615445543576,86.5967931829598,90.245938390738,209.08807838798,159.365278149984,0.162260685845813,0.375936863269391,0.286536101166843,0.288652275752673,0.668769705713847,0.509730975534648,43.4632576772684,0.382298231650986,23.6173072317163,0.214902075875132,53.020713468543,28.9898591285946
"2016-10-21 11:30:00",-13.7362755442037,-33.6350799440226,-26.151143725022,-63.8235641771584,-156.280403410881,-121.507405298398,38.0127484274439,93.079221375157,72.3687322892017,87.7574007435928,214.885554689961,167.072682285297,0.152378744653533,0.373119426856147,0.290098901936666,1.29446710636277,3.16967321071188,2.46440858272463,45.5652769868992,1.84830643704347,19.7369269879641,0.217574176452499,91.772937912986,25.1762813992766
"2016-10-22 11:30:00",-10.125325105552,-25.8009097834255,-18.9209408563421,-51.1567102206158,-130.355287505308,-95.5952602409333,27.3843707168307,69.779653588941,51.1724861493275,70.3404765533468,179.238520319799,131.443482831283,0.139184765725362,0.354664521511331,0.260091077860736,0.662814889766663,1.6889558602522,1.23858554636446,35.8482225903499,0.928939159773345,13.9561325861802,0.195068308395552,59.0717015846835,18.832840296069
"2016-10-23 11:30:00",-12.9201620626663,-31.9430301114613,-23.8476913166134,-66.5984933623395,-164.654101746781,-122.925726794547,34.1994555692944,84.552673081572,63.1244450074999,91.5729283732168,226.399389901824,169.022874342502,0.223936697386474,0.55364759613558,0.413336396852625,0.536731534892763,1.32698270328911,0.990684784132902,46.0971475479551,0.743013588099676,17.2157577293182,0.310002297639469,64.672487250447,24.9658151703049
"2016-10-24 11:30:00",-12.9376048830106,-31.9466795487132,-24.3404361931942,-70.4698947683005,-174.010503980592,-132.580024870089,33.543742386101,82.8291788598815,63.1082281931496,96.8961053064132,239.264442973314,182.297534196373,0.280013622084682,0.691434429703515,0.526809541890369,0.472279118282243,1.1661934172317,0.888532293873237,49.7175093262835,0.666399220404928,17.2113349617681,0.395107156417777,66.3774898364067,27.0890138722125
"2016-10-25 11:30:00",-7.5809833944763,-18.6791311558455,-12.3133681717317,-41.3406490779647,-101.861112999896,-67.1473087417972,20.8298923964693,51.323723030352,33.8328315350437,56.8433924822014,140.059030374857,92.3275495199711,0.461993218393999,1.13832618678211,0.750389797064252,0.239860990938572,0.591004448338086,0.389592819002219,25.1802407781739,0.292194614251664,9.22713587319374,0.562792347798189,32.4851061344655,23.2969445681485
"2016-10-26 11:30:00",-21.8876521404814,-46.7116106926772,-34.5653314427209,-132.77216402786,-283.356186268285,-209.675931732408,54.9021566555034,117.169632970229,86.7023666831686,182.561725538308,389.614756118892,288.304406132062,0.693643829813045,1.48034244740569,1.09541346540053,0.807959374954835,1.72430937480894,1.27594240845575,78.6284743996533,0.956956806341813,23.6461000045005,0.821560099050398,102.552394558199,44.1851024807605
"2016-10-27 11:30:00",-8.85937965247483,-22.5541888518667,-15.9459785242152,-58.0348211396784,-147.744917512703,-104.45675068135,21.9811054635542,55.9594489958799,39.5637448003972,79.7978790670578,203.149261579967,143.628032186856,0.327546869577647,0.833868086037867,0.58955091133272,2.00045309371183,5.09274899990024,3.60061125296938,39.1712815055062,2.70045843972704,10.7901122182901,0.44216318349954,106.682742498682,21.8441918057786
"2016-10-28 11:30:00",-20.0409745763778,-43.8013269718105,-32.5018072442278,-133.041182664783,-290.773301488304,-215.761906090718,49.6551821699645,108.52580356222,80.529175535579,182.931626164077,399.813289546419,296.672620874737,0.84866841439508,1.8548400711701,1.37634310715835,2.28525797055245,4.9946339286857,3.70615779083811,80.9107147840192,2.77961834312858,21.9625024187943,1.03225733036876,150.401173362234,47.7689356780133
"2016-10-29 11:30:00",-16.5161172675273,-38.1765440461447,-22.9825105768611,-115.662714505516,-267.351136062597,-160.947002035271,41.1744182323946,95.1735184342593,57.2950341290344,159.036232445085,367.607812086071,221.302127798497,0.783979125558267,1.81214586535895,1.0909227788426,4.40045426013339,10.1715271915225,6.12332093181184,60.3551257632264,4.59249069885888,15.6259183988276,0.81819208413195,175.167393234698,36.0807205021263
"2016-10-30 11:30:00",-13.4853657070403,-32.7936250564764,-24.0979924961936,-102.377928746242,-248.961984591204,-182.946655826678,34.2193386703788,83.2143663298007,61.1490547915202,140.769652026083,342.322728812905,251.551651761682,0.705531021756256,1.71570577289633,1.2607653094078,6.34867854748453,15.4386754066009,11.344920955177,68.6049959350042,8.50869071638275,16.6770149431419,0.94557398205585,281.322263844573,40.3163644945381
"2016-10-31 11:30:00",-15.764406241186,-36.8600132279553,-28.0203034390951,-119.685179066128,-279.845445243728,-212.733355337781,41.0986141889086,96.0959416724492,73.0503656706629,164.567121215927,384.787487210126,292.508363589449,0.890900314607351,2.08308494965212,1.58352282777795,3.6457375829545,8.52438927780681,6.48008378944266,79.7750082516679,4.860062842082,19.9228270010899,1.18764212083346,201.276579303718,49.6138800219264
"2016-11-01 11:30:00",-19.3801001689742,-42.6540753017346,-27.4408647477281,-151.565682751728,-333.584139859129,-214.606393389316,120.19453100162,264.538703696037,170.187039276105,208.402813783625,458.678192306302,295.08379091031,0.357768554141154,0.787420432086304,0.506575219920409,5.85123925799846,12.8781171275206,8.28494505628923,80.4773975209936,6.21370879221692,46.4146470753014,0.379931414940307,235.820117326417,55.912932448809
"2016-11-02 11:30:00",-10.1530695344849,-25.7880851599298,NA,-72.3076752821469,-183.656428389382,NA,28.8887846398134,73.3754886567092,NA,99.4230535129519,252.5275890354,NA,0.633837012991568,1.60990159803641,NA,2.36434088375801,6.00526016790923,NA,NA,NA,NA,NA,NA,NA
"2016-11-03 11:30:00",-9.75092284682516,-24.8279416696059,NA,-75.641783426508,-192.600209867292,NA,29.4346752742007,74.9469985817383,NA,104.007452211449,264.825288567527,NA,0.621419982052791,1.58226860258234,NA,1.48301711745359,3.77607976860912,NA,NA,NA,NA,NA,NA,NA
"2016-11-04 11:30:00",-10.9070498157859,-27.4794732078212,NA,-87.794847515763,-221.192366482312,NA,35.2867068654353,88.9021442349669,NA,120.717915334174,304.139503913179,NA,0.695937947387773,1.75336213756629,NA,0.905794190327901,2.28207880272912,NA,NA,NA,NA,NA,NA,NA
"2016-11-05 11:30:00",-11.4883714208047,-28.7129688188604,NA,-97.245768816423,-243.047045183058,NA,40.1376330372953,100.316273181739,NA,133.712932122582,334.189687126704,NA,0.717060246557611,1.79215380026518,NA,0.78450060121019,1.96070796075878,NA,NA,NA,NA,NA,NA,NA
"2016-11-06 11:30:00",-11.2886204582873,-28.2857424204857,NA,-95.3158983773581,-238.831747425778,NA,42.9320382147357,107.574222998786,NA,131.059360268867,328.393652710444,NA,0.672413950291583,1.68485847036571,NA,0.431784072728632,1.08191546589771,NA,NA,NA,NA,NA,NA,NA
"2016-11-07 11:30:00",-13.294707756484,-32.2900410102526,NA,-116.205238688179,-282.238014672979,NA,55.3335221222345,134.393454244774,NA,159.782203196246,388.077270175346,NA,0.731746973374855,1.77725905767869,NA,0.410249241678088,0.996408877942415,NA,NA,NA,NA,NA,NA,NA
"2016-11-08 11:30:00",-17.0009807183161,-38.7261351078261,NA,-149.806207379292,-341.240045094061,NA,77.7546320682682,177.11545213924,NA,205.983535146526,469.205062004334,NA,0.828638312022807,1.88753576976555,NA,0.45151317786368,1.02849127462834,NA,NA,NA,NA,NA,NA,NA
"2016-11-09 11:30:00",-11.7330242706607,-29.1981498718151,NA,-98.4715595257485,-245.050831466681,NA,59.1583172671362,147.218089205654,NA,135.398394347904,336.944893266687,NA,0.476229317430006,1.18511772096509,NA,0.282625075560801,0.703325001584833,NA,NA,NA,NA,NA,NA,NA
"2016-11-10 11:30:00",-19.1450339071009,-42.035633423888,NA,-163.235758241902,-358.407226042155,NA,106.52084250694,233.881596102301,NA,224.449167582616,492.809935807963,NA,0.582761527912939,1.27953547012562,NA,0.406208065670048,0.891887338783954,NA,NA,NA,NA,NA,NA,NA
"2016-11-11 06:00:00",-19.1873242508708,-42.0668023594002,NA,-153.407673195813,-336.33508165949,NA,117.854361417859,258.387050958051,NA,210.935550644243,462.460737281798,NA,0.350206283353409,0.767801612889269,NA,0.39162995238656,0.858619971688812,NA,NA,NA,NA,NA,NA,NA
